asm_name	haplotype	length	n_contigs_over_10mb	n_contigs	n_t2t_contig	n_t2t_scaffold	ref_covered	asm_covered	genome_completeness	MMC	MSC	inter-chromosomal_misjoins	intra-chromosomal_gaps	candidate_inversions_in_the_middle	candidate_inversions_at_contig_ends	total_gaps	total_n_count	total_covered_variants	overall_switch_rate	total_blocks	total_switches	total_het_variants	overall_switchflip_rate	overall_hamming_rate
HG002	haplotype1	2947895164	23	23	18	3	0.9075	0.9653	0.9474223378924636	0.19209809264305178	0.0542942577108367	6	11	1	0	4	7634253	NA	NA	NA	NA	NA	NA	NA
HG002	haplotype2	3051529554	23	24	18	3	0.9415	0.9686	0.9866271665097736	0.2132152588555858	0.015338612326263913	0	8	1	2	5	23417769	NA	NA	NA	NA	NA	NA	NA
HG002	both	NA	NA	NA	NA	NA	NA	NA	NA	NA	NA	NA	NA	NA	NA	NA	NA	1209437	1.6536843176014956e-6	22	2	3216270	1.6536843176014956e-6	1.6536619931422637e-6
HG00272	haplotype1	3041251865	25	74	7	7	0.9339	0.9642	0.9867932886649317	0.21525885558583102	0.01616922310205438	2	6	2	2	21	4043214	NA	NA	NA	NA	NA	NA	NA
HG00272	haplotype2	3041009244	26	68	3	10	0.9356	0.9667	0.9878730826734592	0.23092643051771122	0.015670856636580098	0	7	0	3	29	3880093	NA	NA	NA	NA	NA	NA	NA
HG00272	both	NA	NA	NA	NA	NA	NA	NA	NA	NA	NA	NA	NA	NA	NA	NA	NA	398252	0.05290174004170737	22	21067	1636637	0.04202858460161523	0.4763139921456766
HG005	haplotype1	2936560154	29	110	7	3	0.9023	0.9686	0.9486128800044299	0.21185286103542234	0.05421119663325766	1	11	1	0	16	4283201	NA	NA	NA	NA	NA	NA	NA
HG005	haplotype2	3039594550	29	135	4	6	0.9364	0.9703	0.9866825405614928	0.22411444141689374	0.015698543662439782	0	7	0	3	22	5656681	NA	NA	NA	NA	NA	NA	NA
HG005	both	NA	NA	NA	NA	NA	NA	NA	NA	NA	NA	NA	NA	NA	NA	NA	NA	343111	0.06287597960171075	22	21572	1599920	0.049943444943043966	0.47913648935767145
HG00639	haplotype1	3019487537	27	73	10	5	0.9328	0.9707	0.9863779832770364	0.24863760217983655	0.016861398748546433	2	8	1	0	10	887028	NA	NA	NA	NA	NA	NA	NA
HG00639	haplotype2	3035663863	27	80	7	6	0.9321	0.9648	0.9866271665097736	0.2220708446866485	0.015698543662439782	1	8	1	0	12	97483	NA	NA	NA	NA	NA	NA	NA
HG00639	both	NA	NA	NA	NA	NA	NA	NA	NA	NA	NA	NA	NA	NA	NA	NA	NA	414262	0.05800273554774609	22	24027	1662669	0.045746528825198	0.47896983068686
HG01252	haplotype1	2927093043	27	68	12	1	0.8978	0.9645	0.9494988648319398	0.1791553133514986	0.05282684534027355	4	6	6	2	3	29676	NA	NA	NA	NA	NA	NA	NA
HG01252	haplotype2	3036106664	29	75	9	4	0.9368	0.9689	0.9854919984495265	0.22138964577656672	0.01658452848994961	1	10	1	2	13	5055234	NA	NA	NA	NA	NA	NA	NA
HG01252	both	NA	NA	NA	NA	NA	NA	NA	NA	NA	NA	NA	NA	NA	NA	NA	NA	406784	0.0553691056470643	22	22522	1661080	0.04408238143154595	0.4818871932032725
HG01361	haplotype1	3024996016	25	85	6	9	0.9347	0.9706	0.9869594108200898	0.21389645776566757	0.015393986377983277	2	4	2	0	22	3055916	NA	NA	NA	NA	NA	NA	NA
HG01361	haplotype2	3037739883	25	87	9	7	0.9367	0.9707	0.9870978459493881	0.2506811989100818	0.016003100946896283	0	14	0	0	18	1094090	NA	NA	NA	NA	NA	NA	NA
HG01361	both	NA	NA	NA	NA	NA	NA	NA	NA	NA	NA	NA	NA	NA	NA	NA	NA	408147	0.05514744481682086	22	22507	1636366	0.043491671216869664	0.48077040870078674
HG02083	haplotype1	2949481628	29	75	5	7	0.9048	0.9689	0.9491666205216236	0.21049046321525888	0.05354670801262528	3	9	3	0	15	2791566	NA	NA	NA	NA	NA	NA	NA
HG02083	haplotype2	3026866187	30	71	6	6	0.9313	0.9664	0.98693172379423	0.23501362397820158	0.016113849050335013	0	5	2	1	12	3184601	NA	NA	NA	NA	NA	NA	NA
HG02083	both	NA	NA	NA	NA	NA	NA	NA	NA	NA	NA	NA	NA	NA	NA	NA	NA	340135	0.06270580998852539	22	21327	1585107	0.049660101694634196	0.4693665750363826
HG02155	haplotype1	3028269862	28	83	10	3	0.933	0.9688	0.9866548535356332	0.252724795640327	0.01594772689517692	1	8	1	4	10	1116828	NA	NA	NA	NA	NA	NA	NA
HG02155	haplotype2	3032908006	29	82	7	4	0.933	0.9681	0.9878453956475995	0.21389645776566757	0.014978680990088044	0	7	0	3	17	5065941	NA	NA	NA	NA	NA	NA	NA
HG02155	both	NA	NA	NA	NA	NA	NA	NA	NA	NA	NA	NA	NA	NA	NA	NA	NA	341846	0.06188292131639839	22	21153	1576989	0.0492038390278457	0.4776975597198739
HG03834	haplotype1	3042936088	28	87	5	10	0.9392	0.9693	0.9872639681045462	0.20640326975476841	0.016113849050335013	1	8	1	0	24	8828001	NA	NA	NA	NA	NA	NA	NA
HG03834	haplotype2	3035962555	28	86	8	4	0.9395	0.9735	0.9865717924580542	0.21457765667574935	0.017249017110581983	0	10	2	0	13	2070153	NA	NA	NA	NA	NA	NA	NA
HG03834	both	NA	NA	NA	NA	NA	NA	NA	NA	NA	NA	NA	NA	NA	NA	NA	NA	395166	0.05771327486244563	22	22805	1647473	0.04574038681896865	0.480299418472237
HG04228	haplotype1	2932691154	28	93	7	7	0.8974	0.9628	0.9490281853923251	0.21730245231607626	0.05487568525389003	2	7	2	0	13	1087736	NA	NA	NA	NA	NA	NA	NA
HG04228	haplotype2	3019442738	28	62	7	8	0.9343	0.9697	0.9877900215958801	0.24318801089918252	0.014065009136718534	0	6	0	2	9	340452	NA	NA	NA	NA	NA	NA	NA
HG04228	both	NA	NA	NA	NA	NA	NA	NA	NA	NA	NA	NA	NA	NA	NA	NA	NA	385819	0.0594199684681321	22	22924	1632486	0.04725550605218514	0.480914625770115
HG06807	haplotype1	3025370803	23	23	15	5	0.9303	0.9627	0.9849936319840523	0.24931880108991822	0.017082894955423887	3	9	2	2	9	2450994	NA	NA	NA	NA	NA	NA	NA
HG06807	haplotype2	3018902280	23	24	16	4	0.9327	0.9695	0.9836369677169279	0.2227520435967303	0.01838418517082895	1	5	0	0	8	1394984	NA	NA	NA	NA	NA	NA	NA
HG06807	both	NA	NA	NA	NA	NA	NA	NA	NA	NA	NA	NA	NA	NA	NA	NA	NA	370649	0.0876732707750783	22	32494	1618176	0.06797685408499755	0.48159309751274115
NA18522	haplotype1	2946461234	25	86	8	7	0.8933	0.9549	0.9455119331081455	0.18392370572207084	0.056952212193366186	1	11	3	1	12	5772364	NA	NA	NA	NA	NA	NA	NA
NA18522	haplotype2	3032450852	25	78	8	7	0.934	0.9666	0.9840522731048231	0.21662125340599458	0.018577994351846726	4	6	1	0	20	2574905	NA	NA	NA	NA	NA	NA	NA
NA18522	both	NA	NA	NA	NA	NA	NA	NA	NA	NA	NA	NA	NA	NA	NA	NA	NA	335237	0.10222717317445389	22	34268	1581683	0.07883316075098179	0.48309106691683795
NA18747	haplotype1	2935934041	32	76	4	3	0.9004000000000001	0.9656	0.9478099562544992	0.2193460490463215	0.05415582258153829	1	9	1	2	14	118702	NA	NA	NA	NA	NA	NA	NA
NA18747	haplotype2	3029714943	30	76	7	3	0.9363	0.9711	0.9854366243978072	0.2282016348773842	0.01622459715377374	0	9	3	1	12	3327191	NA	NA	NA	NA	NA	NA	NA
NA18747	both	NA	NA	NA	NA	NA	NA	NA	NA	NA	NA	NA	NA	NA	NA	NA	NA	339447	0.0626679449261593	22	21271	1587684	0.04949856601812746	0.47311067707182564
NA18948	haplotype1	2911939063	23	50	9	5	0.8964	0.9674	0.9485575059527106	0.20504087193460485	0.05376820421950274	3	11	0	2	19	1900	NA	NA	NA	NA	NA	NA	NA
NA18948	haplotype2	3051108770	23	62	6	4	0.9337	0.9628	0.9858796168115621	0.21525885558583102	0.01616922310205438	0	5	0	2	30	3000	NA	NA	NA	NA	NA	NA	NA
NA18948	both	NA	NA	NA	NA	NA	NA	NA	NA	NA	NA	NA	NA	NA	NA	NA	NA	338060	0.06116489471057119	22	20676	1582055	0.04871359415167254	0.4764686741998462
NA19043	haplotype1	2932179058	27	74	7	4	0.8929	0.9575	0.94512431474611	0.18119891008174382	0.05728445650368237	2	6	2	0	14	5036399	NA	NA	NA	NA	NA	NA	NA
NA19043	haplotype2	3025972752	27	78	7	6	0.9297	0.965	0.9843845174151392	0.20912806539509532	0.018605681377706407	1	7	4	0	12	2423162	NA	NA	NA	NA	NA	NA	NA
NA19043	both	NA	NA	NA	NA	NA	NA	NA	NA	NA	NA	NA	NA	NA	NA	NA	NA	342620	0.10055538607345374	22	34450	1587328	0.07751666690297544	0.476819800361917
NA20503	haplotype1	3011895543	23	38	10	6	0.9333	0.9705	0.9821141812946453	0.22479564032697552	0.020377651032726065	2	8	1	0	14	1023558	NA	NA	NA	NA	NA	NA	NA
NA20503	haplotype2	3021981611	23	43	7	10	0.9338	0.9685	0.9847444487513152	0.20572207084468663	0.017913505731214353	0	10	2	0	21	1192970	NA	NA	NA	NA	NA	NA	NA
NA20503	both	NA	NA	NA	NA	NA	NA	NA	NA	NA	NA	NA	NA	NA	NA	NA	NA	408339	0.051940137919302756	22	21208	1639078	0.040992737931971654	0.4726073189188395
NA20762	haplotype1	2910590402	23	32	7	8	0.8956999999999999	0.9669	0.94163574948779	0.21185286103542234	0.059887036934492495	2	16	2	2	17	804329	NA	NA	NA	NA	NA	NA	NA
NA20762	haplotype2	3016800655	23	36	3	12	0.9323	0.9721	0.9845783265961571	0.2254768392370572	0.02084833047234066	1	13	1	0	25	970892	NA	NA	NA	NA	NA	NA	NA
NA20762	both	NA	NA	NA	NA	NA	NA	NA	NA	NA	NA	NA	NA	NA	NA	NA	NA	401988	0.052840420368066465	22	21240	1620285	0.041506097844757214	0.47380518821457357
NA20806	haplotype1	2897340138	24	31	10	5	0.8964	0.9711	0.9500249183232737	0.1818801089918256	0.05191317348690404	2	8	3	0	12	637836	NA	NA	NA	NA	NA	NA	NA
NA20806	haplotype2	3051587412	23	35	14	3	0.9441	0.9724	0.9882607010354948	0.2009536784741145	0.014009635084999169	0	10	1	0	9	434917	NA	NA	NA	NA	NA	NA	NA
NA20806	both	NA	NA	NA	NA	NA	NA	NA	NA	NA	NA	NA	NA	NA	NA	NA	NA	403920	0.05256042315437091	22	21229	1644768	0.04175073257020003	0.4751262626262626
NA20809	haplotype1	2957426484	33	102	6	1	0.9028	0.9629	0.950080292374993	0.1791553133514986	0.05285453236613323	1	8	1	0	13	2347360	NA	NA	NA	NA	NA	NA	NA
NA20809	haplotype2	3003400650	34	104	3	4	0.9358	0.9803	0.98693172379423	0.2227520435967303	0.01622459715377374	0	9	1	3	16	358557	NA	NA	NA	NA	NA	NA	NA
NA20809	both	NA	NA	NA	NA	NA	NA	NA	NA	NA	NA	NA	NA	NA	NA	NA	NA	409394	0.05118582581377965	22	20954	1657556	0.04053778537772136	0.47090822044289854
NA20827	haplotype1	2915641356	23	42	10	8	0.8987999999999999	0.9686	0.9487513151337283	0.18119891008174382	0.0535190209867656	2	13	0	4	21	1256510	NA	NA	NA	NA	NA	NA	NA
NA20827	haplotype2	3029380097	23	40	10	10	0.9353	0.9695	0.9870701589235285	0.2316076294277929	0.01492330693836868	1	11	2	0	24	1410481	NA	NA	NA	NA	NA	NA	NA
NA20827	both	NA	NA	NA	NA	NA	NA	NA	NA	NA	NA	NA	NA	NA	NA	NA	NA	415299	0.05243018504601552	22	21773	1658517	0.041463981960617596	0.4727726288770259
