Chromosome	Start	End	Methylated_allele	Name	Reference	All_CpGs_At_iDMR_CouldBeExaminedInBothHaplotypes	DifferentiallyMethylatedCpGs_HypermethylatedOnHP1	DifferentiallyMethylatedCpGs_HypermethylatedOnHP2	MeanDiffMethylationOf_DifferentiallyMethylatedCpGs_HypermethylatedOnHP1	MeanDiffMethylationOf_DifferentiallyMethylatedCpGs_HypermethylatedOnHP2	MethylationFrequency_HP1	MethylationFrequency_HP2	Included_Or_Ignored_For_PofO_Assignment
chr1	11044370	11044544	Maternal	PTCHD2	Hernandez	20	0	0	0	0	0.40456	0.3418	Ignored:DidNotMeet_cpg_difference
chr1	21120031	21120143	Maternal	ECE1;LOC100506801	Hernandez	5	0	0	0	0	0.68532	0.55411	Ignored:DidNotMeet_cpg_difference
chr1	32329102	32329320	Maternal	ZBTB8B	Joshi	9	9	0	0.28936	0	0.82618	0.53682	Included
chr1	39384177	39384444	Maternal	BMP8A	Akbari	18	0	0	0	0	0.31327	0.25477	Ignored:DidNotMeet_cpg_difference
chr1	39427318	39428447	Maternal	PPIEL,PABPC4	Akbari,Court,Hernandez,Joshi,Zink	52	45	0	0.4571	0	0.94646	0.53574	Included
chr1	67924206	67929467	Maternal	DIRAS3,DIRAS3_Ex2,GNG12-AS1	Akbari,Court,Hernandez,Joshi,Zink	136	130	0	0.66174	0	0.9208	0.28491	Included
chr1	176387296	176387476	Maternal	ASTN1	Zink	15	15	0	0.36682	0	0.91207	0.54524	Included
chr1	227504793	227504903	Maternal	OBSCN	Joshi	8	0	0	0	0	0.93017	0.93341	Ignored:DidNotMeet_cpg_difference
chr10	13172944	13173273	Maternal	BTBD7P1	Akbari	27	0	0	0	0	0.29962	0.41211	Ignored:DidNotMeet_cpg_difference
chr10	27443798	27444893	Maternal	PTCHD3	Akbari,Hernandez	72	65	0	0.54021	0	0.8052	0.2996	Included
chr10	98458604	98458947	Maternal	ANKRD2	Akbari	19	0	0	0	0	0.81605	0.79787	Ignored:DidNotMeet_cpg_difference
chr10	120716003	120716796	Maternal	INPP5F	Akbari,Court,Hernandez	64	64	0	0.6036	0	0.95409	0.35049	Included
chr10	124869055	124869380	Maternal	YBX2P1	Akbari	32	32	0	0.35983	0	0.42328	0.06346	Included
chr11	2085259	2091234	Paternal	H19,H19/IGF2	Akbari,Court,Hernandez	250	0	247	0	0.85543	0.09657	0.94439	Included
chr11	2220004	2221535	Paternal	IGF2_DMR2,IGF2,INS-IGF2	Akbari,Court,Hernandez,Zink	68	0	63	0	0.47892	0.35328	0.80851	Included
chr11	2233014	2236942	Paternal	IGF2_DMR0,IGF2,IGF2-AS,INS-IGF2	Akbari,Court,Hernandez,Zink	100	0	100	0	0.58804	0.17738	0.76542	Included
chr11	2787890	2790647	Maternal	KvDMR1,KCNQ1,KCNQ1OT1	Akbari,Court,Hernandez,Zink	204	204	0	0.90053	0	0.96	0.05947	Included
chr11	7147542	7148122	Maternal	RBMXL2	Akbari,Hernandez,Zink	55	55	0	0.38048	0	0.9187	0.53822	Included
chr11	132831291	132831483	Maternal	OPCML	Hernandez	10	0	0	0	0	0.84785	0.82418	Ignored:DidNotMeet_cpg_difference
chr11	133121414	133122305	Maternal	OPCML	Akbari	45	45	0	0.42989	0	0.55515	0.12526	Included
chr12	200351	201073	Maternal	SLC6A12,RP11-283I3.2	Zink	85	0	0	0	0	0.09182	0.17405	Ignored:DidNotMeet_cpg_difference
chr12	3845430	3845920	Paternal	PARP11	Akbari	69	60	0	0.20589	0	0.66157	0.45971	Included
chr12	6454803	6455271	Maternal	CD27,CD27-AS1,LOC678655	Hernandez	10	0	0	0	0	0.68307	0.78431	Ignored:DidNotMeet_cpg_difference
chr12	14651159	14651402	Maternal	H2AFJ	Hernandez	13	0	0	0	0	0.16235	0.07427	Ignored:DidNotMeet_cpg_difference
chr12	30992265	30994810	Maternal	AC024940.1	Akbari	143	0	25	0	0.17849	0.06302	0.18154	Included
chr12	30996914	30997274	Maternal	AC024940.1	Akbari	20	0	17	0	0.30484	0.36498	0.65856	Included
chr12	96198127	96198449	Paternal	ELK3	Hernandez	7	0	7	0	0.43988	0.31838	0.75825	Included
chr12	130374845	130375163	Maternal	PIWIL1	Hernandez	40	0	0	0	0	0.80665	0.88434	Ignored:DidNotMeet_cpg_difference
chr13	19317211	19317685	Maternal	GJA3	Akbari	24	24	0	0.30505	0	0.43546	0.13041	Included
chr13	47537482	47542150	Maternal	RB1,PPP1R26P1	Akbari,Court,Hernandez,Joshi,Zink	258	0	256	0	0.79386	0.175	0.96369	Included
chr13	47630529	47633749	Maternal	LPAR6,RB1	Akbari	29	0	17	0	0.54798	0.36432	0.78413	Included
chr13	59487091	59488917	Maternal	TARDBPP2	Akbari,Hernandez,Zink	39	0	34	0	0.67952	0.13842	0.74051	Included
chr13	98425642	98426046	Paternal	UBAC2	Akbari	18	17	0	0.22635	0	0.95432	0.72816	Included
chr13	100190731	100191002	Maternal	NALCN-AS1	Akbari	22	0	3	0	0.19555	0.36622	0.54888	Included
chr14	27997060	27998007	Maternal	NPAS3	Akbari,Zink	117	0	0	0	0	0.31689	0.23372	Ignored:DidNotMeet_cpg_difference
chr14	46476152	46476528	Maternal	PTGDR	Akbari	18	17	0	0.30096	0	0.47463	0.17929	Included
chr14	94961427	94961490	Paternal	DLK1	Joshi,Zink	7	0	0	0	0	0.33998	0.35986	Ignored:DidNotMeet_cpg_difference
chr14	95042558	95046625	Paternal	IG-DMR,MEG3,MEG3/DLK1	Akbari,Court,Hernandez,Zink	96	0	65	0	0.6046	0.50395	0.95878	Included
chr14	95058592	95063118	Paternal	MEG3,AL117190.1	Akbari,Court,Hernandez,Joshi,Zink	246	0	245	0	0.75754	0.20282	0.95796	Included
chr14	95135834	95136700	Maternal	MEG8,SNHG23	Zink	26	6	0	0.30241	0	0.33661	0.18327	Included
chr14	95139591	95140676	Maternal	MEG8,SNHG23	Akbari,Court,Hernandez,Zink	52	52	0	0.73104	0	0.84115	0.11011	Included
chr14	100719510	100719614	Maternal	IGHV3-37	Hernandez	10	0	0	0	0	0.66425	0.82005	Ignored:DidNotMeet_cpg_difference
chr15	21296256	21301762	Maternal	MIR4508,MKRN3	Akbari,Court,Hernandez,Joshi	109	0	27	0	0.42524	0.71446	0.8572	Included
chr15	21341062	21343880	Paternal	MKRN3	Zink	14	0	0	0	0	0.7932	0.68334	Ignored:DidNotMeet_cpg_difference
chr15	21363464	21363638	Maternal	MKRN3	Zink	10	0	10	0	0.43292	0.29846	0.73138	Included
chr15	21368503	21368715	Maternal	MKRN3	Zink	8	0	0	0	0	0.7652	0.87375	Ignored:DidNotMeet_cpg_difference
chr15	21377299	21377524	Maternal	MAGEL2	Zink	6	0	5	0	0.34475	0.22098	0.53661	Included
chr15	21381510	21383473	Maternal	MAGEL2	Akbari,Court,Hernandez,Joshi,Zink	64	0	62	0	0.68736	0.20027	0.87176	Included
chr15	21420762	21422619	Maternal	NDN	Akbari,Court,Hernandez,Joshi,Zink	116	0	109	0	0.64894	0.15139	0.76288	Included
chr15	21532265	21532875	Maternal	RNU6-741P	Zink	22	0	22	0	0.36327	0.48829	0.85156	Included
chr15	21563910	21564305	Paternal	RNU6-741P	Zink	6	0	0	0	0	0.87549	0.79549	Ignored:DidNotMeet_cpg_difference
chr15	21589212	21590074	Maternal	RP11-484P15.1	Zink	9	0	5	0	0.37698	0.14192	0.48782	Included
chr15	21591584	21596455	Maternal	RP11-484P15.1	Akbari,Zink,Zink	84	0	41	0	0.42363	0.5431	0.73742	Included
chr15	21603570	21604377	Maternal	RP11-484P15.1	Akbari,Zink	36	0	33	0	0.59359	0.11381	0.68496	Included
chr15	21611867	21613067	Maternal	RP11-484P15.1	Akbari,Zink	40	0	34	0	0.50029	0.12863	0.57962	Included
chr15	21617488	21617845	Paternal	RP11-484P15.1	Zink	11	0	0	0	0	0.87025	0.82905	Ignored:DidNotMeet_cpg_difference
chr15	21630697	21633011	Maternal	PWRN4,RP11-484P15.1	Akbari,Joshi,Zink	59	0	31	0	0.53262	0.47753	0.77067	Included
chr15	21648478	21650220	Paternal	RP11-484P15.1	Zink	11	0	0	0	0	0.7973	0.6369	Ignored:DidNotMeet_cpg_difference
chr15	21674147	21675281	Paternal	RP11-484P15.1	Zink	12	0	0	0	0	0.83945	0.70878	Ignored:DidNotMeet_cpg_difference
chr15	21743102	21743985	Paternal	PWRN4	Zink	7	3	0	0.53861	0	0.84992	0.49814	Included
chr15	21763297	21763709	Paternal	PWRN4	Zink	5	0	0	0	0	0.89325	0.6751	Ignored:DidNotMeet_cpg_difference
chr15	21784164	21785579	Paternal	PWRN4	Zink	12	4	0	0.38791	0	0.86142	0.63371	Included
chr15	21835134	21836136	Maternal	SNRPN_intragenic_CpG32,PWRN2	Akbari,Court,Zink	46	0	41	0	0.33067	0.21803	0.53077	Included
chr15	21890432	21891180	Paternal	PWRN2	Zink	8	0	0	0	0	0.76648	0.71822	Ignored:DidNotMeet_cpg_difference
chr15	21897209	21897954	Paternal	PWRN2	Zink	8	0	0	0	0	0.77015	0.73111	Ignored:DidNotMeet_cpg_difference
chr15	21908292	21909250	Paternal	PWRN2	Zink	9	0	0	0	0	0.76517	0.57484	Ignored:DidNotMeet_cpg_difference
chr15	22008923	22009869	Paternal	RP11-580I1.2	Zink	10	0	0	0	0	0.87066	0.67501	Ignored:DidNotMeet_cpg_difference
chr15	22160590	22161837	Maternal	SNRPN_intragenic_CpG29,PWRN3	Akbari,Court,Zink	53	0	40	0	0.4637	0.24486	0.57222	Included
chr15	22211722	22212175	Maternal	SNRPN_intragenic_CpG30	Akbari,Court	31	0	31	0	0.50849	0.09749	0.60598	Included
chr15	22310237	22311050	Paternal	PWRN1	Zink	8	0	0	0	0	0.82305	0.66463	Ignored:DidNotMeet_cpg_difference
chr15	22312618	22313135	Paternal	PWRN1	Zink	7	1	0	0.32288	0	0.84117	0.59986	Included
chr15	22505473	22506455	Paternal	PWRN1,SNRPN	Hernandez,Zink	14	0	0	0	0	0.83377	0.76658	Ignored:DidNotMeet_cpg_difference
chr15	22508944	22510547	Maternal	SNRPN_intragenic_CpG40,SNRPN	Akbari,Court,Hernandez,Joshi,Zink	81	0	77	0	0.62159	0.10912	0.70903	Included
chr15	22560068	22561411	Maternal	SNRPN	Akbari,Court,Hernandez,Joshi,Zink	22	0	16	0	0.64475	0.24657	0.76738	Included
chr15	22583384	22585283	Maternal	SNRPN,RP11-385H1.1	Akbari,Court,Hernandez,Joshi,Zink	75	0	74	0	0.48812	0.16297	0.64798	Included
chr15	22593074	22595820	Maternal	SNRPN	Joshi,Zink	40	0	25	0	0.5175	0.47453	0.85966	Included
chr15	22614163	22616870	Maternal	SNRPN	Akbari,Court,Hernandez,Joshi,Zink	88	2	40	0.40473	0.39688	0.56916	0.72742	Included
chr15	22647266	22647904	Paternal	SNRPN,AC090602.2	Zink	8	1	0	0.36639	0	0.89036	0.70697	Included
chr15	22688234	22693913	Maternal	SNURF,SNRPN,RP11-701H24.9	Akbari,Court,Hernandez,Joshi,Zink	149	0	122	0	0.85828	0.20515	0.89065	Included
chr15	22693914	22738212	Paternal	PWAR5,PWARSN,SNORD107,SNORD64,SNORD108,RP11-701H24.9,SNHG14	Akbari,Joshi,Zink,Akbari,Zink	385	16	1	0.51223	0.35393	0.92247	0.80994	Ignored:DidNotMeet_cpg_difference
chr15	22739217	22767775	Paternal	SNHG14	Akbari,Zink	210	7	0	0.40827	0	0.89707	0.76262	Ignored:DidNotMeet_cpg_difference
chr15	22775157	22793910	Paternal	SNORD116Cluster,SNHG14	Akbari,Joshi,Zink,Akbari,Zink	217	0	0	0	0	0.9151	0.84408	Ignored:DidNotMeet_cpg_difference
chr15	22796137	22837398	Paternal	SNORD116Cluster,SNHG14	Akbari,Joshi,Zink,Akbari,Zink	576	33	0	0.39873	0	0.91734	0.78659	Ignored:DidNotMeet_cpg_difference
chr15	22877695	22880669	Paternal	SNHG14	Akbari	16	1	0	0.50459	0	0.796	0.54231	Ignored:DidNotMeet_cpg_difference
chr15	22917914	22920700	Paternal	SNORD115Cluster	Joshi,Zink	49	0	0	0	0	0.89576	0.86193	Ignored:DidNotMeet_cpg_difference
chr15	27466585	27466749	Maternal	AC022613.1	Hernandez	17	0	0	0	0	0.37627	0.41456	Ignored:DidNotMeet_cpg_difference
chr15	42830610	42830766	Maternal	SORD	Hernandez,Joshi,Zink	12	0	0	0	0	0.13268	0.20522	Ignored:DidNotMeet_cpg_difference
chr15	48716873	48717145	Maternal	AP4E1	Zink	19	0	19	0	0.27355	0.58802	0.86157	Included
chr15	60148414	60148894	Paternal	MIR6085	Akbari	19	0	0	0	0	0.16952	0.10606	Ignored:DidNotMeet_cpg_difference
chr15	78982358	78982976	Paternal	CFAP161	Akbari	44	44	0	0.59266	0	0.69042	0.09776	Included
chr15	96629415	96631475	Maternal	IGF1R	Akbari,Court,Hernandez,Joshi,Zink	70	0	45	0	0.2835	0.59998	0.84091	Included
chr16	811704	813589	Maternal	PRR25	Akbari,Zink	141	0	132	0	0.38759	0.16854	0.53146	Included
chr16	821900	823268	Maternal	PRR25	Akbari,Zink	83	0	65	0	0.30593	0.50973	0.78192	Included
chr16	3281461	3281826	Paternal	MEFV	Zink	34	34	0	0.30093	0	0.77598	0.47505	Included
chr16	3322511	3322654	Maternal	TIGD7	Joshi	19	0	0	0	0	0.59127	0.4795	Ignored:DidNotMeet_cpg_difference
chr16	3391703	3393524	Paternal	MTRNR2L4,LA16c-306E5.2	Akbari,Joshi,Zink	82	55	0	0.32014	0	0.56675	0.33903	Included
chr16	3441035	3441528	Paternal	LA16c-306E5.2	Zink	27	27	0	0.43364	0	0.76472	0.33107	Included
chr16	3458714	3468983	Maternal	ZNF597,LA16c-306E5.2	Akbari,Court,Hernandez,Joshi,Zink	129	0	48	0	0.60217	0.64862	0.94701	Included
chr16	3470097	3472038	Paternal	NAA60,ZNF597,LA16c-306E5.2	Akbari,Court,Hernandez,Joshi,Zink	78	73	0	0.88971	0	0.91416	0.0729	Included
chr17	4790606	4792558	Maternal	CHRNE,C17orf107	Akbari,Zink	139	0	36	0	0.21716	0.27189	0.33443	Included
chr18	47858673	47859226	Maternal	RP11-767C4.1	Zink	23	0	0	0	0	0.43392	0.38095	Ignored:DidNotMeet_cpg_difference
chr18	60172271	60172582	Maternal	NFE2L3P1	Akbari	42	42	0	0.36178	0	0.66094	0.29916	Included
chr18	79873008	79873927	Maternal	AC068473.4	Akbari,Hernandez	91	31	0	0.30226	0	0.22994	0.07887	Included
chr18	80423625	80425712	Maternal	ADNP2,PARD6G-AS1	Akbari,Zink	99	98	0	0.69523	0	0.77521	0.0848	Included
chr19	4770231	4771096	Maternal	MIR7-3HG	Akbari	56	0	30	0	0.41639	0.25026	0.53475	Included
chr19	17458059	17459138	Maternal	DDA1	Akbari	65	0	61	0	0.32437	0.3921	0.70849	Included
chr19	21220736	21221486	Maternal	ZNF714	Akbari	38	0	0	0	0	0.02319	0.02223	Ignored:DidNotMeet_cpg_difference
chr19	39096790	39096912	Paternal	AC092296.3	Akbari	20	0	0	0	0	0.15686	0.15134	Ignored:DidNotMeet_cpg_difference
chr19	41329684	41330758	Maternal	RYR1,AC067969.1	Zink	52	0	32	0	0.38532	0.63914	0.89708	Included
chr19	41345884	41346651	Maternal	RYR1	Akbari,Zink	26	0	0	0	0	0.67889	0.73745	Ignored:DidNotMeet_cpg_difference
chr19	56616549	56618747	Maternal	ZNF331	Akbari,Court,Hernandez,Zink	133	0	130	0	0.84046	0.13302	0.95777	Included
chr19	56632968	56635239	Maternal	ZNF331	Akbari,Court,Hernandez,Zink	124	0	110	0	0.86547	0.18424	0.96086	Included
chr19	59932193	59936971	Maternal	PEG3,MIMT1,ZIM2,PEG3	Akbari,Court,Hernandez,Zink	219	0	217	0	0.85587	0.0481	0.89721	Included
chr19	59959876	59960104	Maternal	MIMT1	Zink	20	0	20	0	0.31647	0.55045	0.86692	Included
chr19	61152004	61152621	Paternal	ZSCAN1	Zink	26	19	0	0.2686	0	0.38405	0.18674	Included
chr2	37542728	37543329	Maternal	AC007391.3	Akbari	27	24	0	0.19136	0	0.91723	0.72588	Included
chr2	39252404	39252862	Maternal	MAP4K3	Hernandez	54	0	0	0	0	0.71956	0.72677	Ignored:DidNotMeet_cpg_difference
chr2	95377831	95378577	Paternal	TEKT4,AC097374.2	Zink	56	0	55	0	0.46303	0.27547	0.73498	Included
chr2	130015734	130016047	Paternal	LOC151121	Joshi	37	0	0	0	0	0.64009	0.78359	Ignored:DidNotMeet_cpg_difference
chr2	131734853	131735206	Maternal	FAR2P4,KLF2P4,PLEKHB2	Zink	32	29	0	0.30464	0	0.58078	0.28652	Included
chr2	132265092	132265797	Paternal	C2orf27B	Joshi	91	0	0	0	0	0.46103	0.50891	Ignored:DidNotMeet_cpg_difference
chr2	206731612	206755969	Paternal	ZDBF2,GPR1-AS	Akbari,Court,Hernandez,Joshi,Zink	475	0	473	0	0.68557	0.20436	0.88846	Included
chr2	206758117	206759140	Paternal	ZDBF2	Akbari	16	0	7	0	0.56055	0.199	0.52727	Included
chr2	209688185	209689718	Maternal	MEAF6P1	Zink	66	61	0	0.6142	0	0.88953	0.30204	Included
chr2	232838377	232838828	Maternal	ECEL1P3	Akbari,Zink	35	0	0	0	0	0.11213	0.17156	Ignored:DidNotMeet_cpg_difference
chr20	33270910	33272750	Maternal	HM13,MCTS2P	Akbari,Court,Hernandez,Joshi,Zink	60	0	51	0	0.79213	0.24396	0.94327	Included
chr20	35394117	35394664	Maternal	ACTL10,NECAB3	Akbari	51	0	51	0	0.55074	0.03096	0.58171	Included
chr20	39243846	39246355	Maternal	BLCAP,NNAT	Akbari,Court,Hernandez,Joshi,Zink	145	0	140	0	0.72607	0.24172	0.94686	Included
chr20	45246628	45249468	Maternal	L3MBTL1	Akbari,Court,Hernandez,Joshi,Zink	93	0	88	0	0.89424	0.09884	0.94807	Included
chr20	50153200	50154157	Maternal	RP1-66N13.1	Akbari,Zink	50	0	50	0	0.45292	0.45136	0.90429	Included
chr20	60619350	60630515	Paternal	GNAS,GNAS-AS1	Akbari,Court,Hernandez,Joshi,Zink	331	260	0	0.85675	0	0.93528	0.24933	Included
chr20	60633235	60639710	Maternal	GNAS-AS1,GNAS,GNAS-XL	Akbari,Court,Hernandez,Joshi,Zink	362	0	336	0	0.79818	0.10879	0.85723	Included
chr20	60671085	60673567	Maternal	GNAS_Ex1A,GNAS,LOC101927932	Akbari,Court,Hernandez,Joshi,Zink	243	0	242	0	0.79905	0.04745	0.84364	Included
chr20	61310202	61310679	Maternal	RP11-164D18.2	Zink	25	0	1	0	0.21383	0.36795	0.55955	Ignored:DidNotMeet_cpg_difference
chr20	65030021	65030481	Maternal	AL096828.3	Akbari	16	0	0	0	0	0.25549	0.38743	Ignored:DidNotMeet_cpg_difference
chr20	65758266	65759319	Maternal	UCKL1	Akbari,Zink	96	0	71	0	0.20897	0.4266	0.62862	Included
chr21	12407958	12408119	Maternal	LIPI	Joshi	21	0	0	0	0	0.94108	0.93878	Ignored:DidNotMeet_cpg_difference
chr21	37770066	37771384	Maternal	WRB	Akbari,Court,Hernandez,Joshi,Zink	59	0	58	0	0.69426	0.24062	0.9254	Included
chr21	45047466	45048210	Maternal	PRMT2	Akbari,Zink	54	0	54	0	0.41038	0.43937	0.84976	Included
chr22	21798922	21799586	Paternal	RIMBP3	Akbari	64	0	0	0	0	0.43128	0.40794	Ignored:DidNotMeet_cpg_difference
chr22	32507282	32507589	Maternal	SLC5A1	Akbari	22	18	0	0.22029	0	0.37471	0.15868	Included
chr22	42160534	42162792	Maternal	NHP2L1,SNU13	Akbari,Court,Hernandez,Joshi,Zink	82	70	0	0.81874	0	0.91561	0.20918	Included
chr3	39514775	39515873	Maternal	MOBP	Akbari,Hernandez,Zink	57	57	0	0.47932	0	0.62295	0.14363	Included
chr3	195267123	195267736	Maternal	FGF12	Akbari,Zink	27	27	0	0.35873	0	0.6347	0.27597	Included
chr4	5980877	5981527	Maternal	C4orf50	Akbari	59	43	0	0.1653	0	0.2629	0.10233	Included
chr4	6078696	6079854	Maternal	JAKMIP1	Akbari,Hernandez,Joshi,Zink	78	76	0	0.56866	0	0.85866	0.29693	Included
chr4	17624235	17624518	Maternal	FAM184B	Zink	29	0	0	0	0	0.55641	0.6407	Ignored:DidNotMeet_cpg_difference
chr4	92028524	92029856	Maternal	NAP1L5,HERC3	Akbari,Court,Hernandez,Joshi,Zink	62	62	0	0.86044	0	0.95546	0.09502	Included
chr4	125236257	125237219	Maternal	TRPC3	Akbari,Hernandez,Zink	67	67	0	0.61232	0	0.95722	0.3449	Included
chr4	158113274	158113803	Maternal	RBM46	Hernandez	51	0	0	0	0	0.75652	0.67687	Ignored:DidNotMeet_cpg_difference
chr4	173134512	173135071	Maternal	PTGES3P3	Akbari,Zink	31	31	0	0.36049	0	0.58207	0.22158	Included
chr5	561353	562753	Paternal	MIR4456	Akbari	105	0	105	0	0.35001	0.44899	0.79901	Included
chr5	37458597	37459310	Maternal	CPLANE1	Akbari	35	35	0	0.43803	0	0.90139	0.46336	Included
chr5	111236976	111237741	Maternal	TMEM232	Akbari	21	0	0	0	0	0.13738	0.15434	Ignored:DidNotMeet_cpg_difference
chr5	117967773	117967929	Maternal	LINC00992	Hernandez	5	0	0	0	0	0.15108	0.08079	Ignored:DidNotMeet_cpg_difference
chr5	136601303	136603696	Maternal	VTRNA2-1	Akbari,Hernandez,Joshi,Zink	87	84	0	0.69479	0	0.78186	0.10202	Included
chr5	138415651	138415958	Maternal	PKD2L2	Hernandez	38	18	0	0.16078	0	0.26145	0.10136	Included
chr5	138659249	138659851	Maternal	NME5	Akbari	21	19	0	0.277	0	0.52632	0.25675	Included
chr6	3718149	3719860	Maternal	FAM50B,RP11-420L9.4	Akbari,Court,Hernandez,Joshi,Zink	110	110	0	0.75985	0	0.93349	0.17364	Included
chr6	29555331	29556045	Maternal	ZFP57	Hernandez	50	0	0	0	0	0.89402	0.89183	Ignored:DidNotMeet_cpg_difference
chr6	31425008	31425410	Maternal	LTA	Hernandez	16	0	0	0	0	0.7108	0.69424	Ignored:DidNotMeet_cpg_difference
chr6	145199421	145201738	Maternal	PLAGL1,HYMAI	Akbari,Court,Hernandez,Joshi,Zink	156	155	0	0.86687	0	0.9464	0.08354	Included
chr6	160184517	160185088	Paternal	RNU6-293P	Akbari	28	0	0	0	0	0.50434	0.52413	Ignored:DidNotMeet_cpg_difference
chr6	161251417	161252899	Maternal	IGF2R,AIRN	Akbari,Court,Hernandez,Joshi,Zink	107	106	0	0.53515	0	0.9512	0.41969	Included
chr6	169727799	169727970	Maternal	SMOC2	Joshi	8	0	0	0	0	0.56246	0.59666	Ignored:DidNotMeet_cpg_difference
chr6	171008085	171009630	Maternal	WDR27	Akbari,Court,Hernandez,Joshi,Zink	69	59	0	0.80361	0	0.91769	0.21864	Included
chr7	16980167	16981214	Maternal	RP11-455J15.1	Akbari,Zink	46	43	0	0.34797	0	0.67346	0.33401	Included
chr7	23626787	23627861	Maternal	RPS2P32	Akbari,Joshi,Zink	62	62	0	0.80311	0	0.85926	0.05615	Included
chr7	43014610	43015863	Maternal	AC010132.10	Akbari,Zink	58	58	0	0.60881	0	0.76172	0.1529	Included
chr7	50942206	50944802	Maternal	GRB10	Akbari,Court,Hernandez,Joshi,Zink	171	164	0	0.80091	0	0.91709	0.14248	Included
chr7	65134148	65134309	Maternal	AC092634.8	Akbari	16	0	16	0	0.33128	0.12581	0.45709	Included
chr7	95892113	95894859	Maternal	PEG10,SGCE	Akbari,Court,Hernandez,Joshi	122	121	0	0.85379	0	0.88083	0.03366	Included
chr7	131803479	131808268	Maternal	MEST,MESTIT1	Akbari,Court,Hernandez,Joshi,Zink	229	222	0	0.8559	0	0.93682	0.10164	Included
chr7	136139397	136139823	Maternal	CALD1	Zink	20	20	0	0.28919	0	0.92934	0.64015	Included
chr7	139976260	139977741	Maternal	SVOPL	Akbari,Hernandez,Joshi,Zink	89	89	0	0.68049	0	0.76624	0.08575	Included
chr7	156246412	156247762	Maternal	HTR5A,HTR5A-AS1	Akbari,Court,Hernandez,Joshi,Zink	66	60	0	0.44906	0	0.68737	0.27519	Included
chr8	2481367	2482359	Maternal	LOC101927815	Joshi	76	74	0	0.25875	0	0.31399	0.05697	Included
chr8	2487234	2487616	Maternal	LOC101927815	Akbari,Joshi	21	21	0	0.75825	0	0.7825	0.02425	Included
chr8	38023830	38025061	Maternal	ERLIN2,LOC728024,CXORF56_pseudogene	Akbari,Court,Hernandez,Joshi	41	41	0	0.6948	0	0.87347	0.17867	Included
chr8	39591596	39591695	Maternal	ADAM5P	Hernandez	12	0	0	0	0	0.62372	0.62162	Ignored:DidNotMeet_cpg_difference
chr8	61137435	61138271	Maternal	CHD7	Akbari,Joshi,Zink	57	55	0	0.56539	0	0.90288	0.34984	Included
chr8	95243985	95245657	Maternal	CDH17	Akbari,Zink	44	0	0	0	0	0.48562	0.5718	Ignored:DidNotMeet_cpg_difference
chr8	103653910	103655995	Maternal	KB-1980E6.3	Akbari,Zink	60	37	0	0.46512	0	0.66338	0.34802	Included
chr8	141217642	141221375	Maternal	TRAPPC9,PEG13	Akbari,Court,Hernandez,Joshi,Zink	223	208	0	0.82355	0	0.93934	0.16672	Included
chr8	141468978	141469691	Maternal	TRAPPC9	Akbari,Joshi	53	48	0	0.22581	0	0.85421	0.63081	Included
chr8	144884219	144885051	Maternal	FAM83H	Akbari	116	30	0	0.21042	0	0.45311	0.4107	Included
chr9	41939693	41940117	Maternal	CDRT15P6	Akbari	22	0	0	0	0	0.09881	0.06311	Ignored:DidNotMeet_cpg_difference
chr9	104264526	104264928	Maternal	SPTLC1	Akbari	26	0	0	0	0	0.90068	0.74237	Ignored:DidNotMeet_cpg_difference
chr9	107482378	107483147	Maternal	FANCC,FANCC_Int1-DMR	Akbari,Hernandez	34	34	0	0.77668	0	0.86637	0.0897	Included
chr9	109746840	109747389	Maternal	TMOD1	Akbari	22	0	0	0	0	0.1878	0.21642	Ignored:DidNotMeet_cpg_difference
chr9	125287844	125289117	Maternal	AL449105.5	Hernandez	82	0	71	0	0.27375	0.17567	0.43227	Included
chr9	134423466	134424180	Maternal	LHX6	Akbari	63	0	63	0	0.68877	0.19807	0.88683	Included
chr9	149667453	149669193	Maternal	EXD3	Akbari,Zink	142	0	0	0	0	0.93873	0.87426	Ignored:DidNotMeet_cpg_difference
