sample,repeat_class,repeat_family,count,total_length,mean_length,mean_div
T2T00,DNA,Crypton,576,84401,146.529513888889,25.4086805555556
T2T00,DNA,Crypton-A,269,39008,145.011152416357,26.8193308550186
T2T00,DNA,Kolobok,720,118747,164.926388888889,24.9827777777778
T2T00,DNA,MULE-MuDR,5917,1944303,328.596079094136,18.1419469325672
T2T00,DNA,Merlin,441,75869,172.038548752834,21.290022675737
T2T00,DNA,PIF-Harbinger,730,128138,175.531506849315,26.6468493150685
T2T00,DNA,PiggyBac,4761,1049491,220.434992648603,13.0118462507877
T2T00,DNA,TcMar,299,57056,190.822742474916,26.6688963210702
T2T00,DNA,TcMar-Mariner,32003,5617942,175.544230228416,15.1144017748336
T2T00,DNA,TcMar-Pogo,61,7423,121.688524590164,24.6377049180328
T2T00,DNA,TcMar-Tc1,1508,256775,170.275198938992,21.906100795756
T2T00,DNA,TcMar-Tc2,15616,3236936,207.283299180328,24.1880635245902
T2T00,DNA,TcMar-Tigger,242468,73143415,301.662136859297,20.1930745500437
T2T00,DNA,Unknown,15175,2163040,142.539703459638,25.725021416804
T2T00,DNA,hAT,5367,978286,182.27799515558,26.0346934972983
T2T00,DNA,hAT-Ac,7652,1249919,163.345399895452,25.620033978045
T2T00,DNA,hAT-Blackjack,31783,4644044,146.117232482774,22.2910109177862
T2T00,DNA,hAT-Charlie,495567,89935325,181.47964856417,23.0663353290272
T2T00,DNA,hAT-Tag1,3901,864157,221.521917457062,25.9184824403999
T2T00,DNA,hAT-Tip100,123452,23939715,193.919215565564,25.2900471438292
T2T00,DNA,hAT-hAT19,33,3077,93.2424242424242,22.3272727272727
T2T00,LINE,CR1,118414,20713499,174.92440927593,30.0247251169625
T2T00,LINE,Dong-R4,924,198869,215.22619047619,28.6549783549784
T2T00,LINE,I-Jockey,237,28516,120.320675105485,26.7915611814346
T2T00,LINE,L1,1842571,980714136,532.253105036387,19.4692324474878
T2T00,LINE,L1-Tx1,339,93001,274.339233038348,28.1333333333333
T2T00,LINE,L2,950710,200045479,210.416929452725,29.5137343669468
T2T00,LINE,RTE-BovB,10455,1644090,157.253945480631,31.0048493543759
T2T00,LINE,RTE-X,24903,5690744,228.516403646147,28.4374693811991
T2T00,LTR,DIRS,13379,918303,68.6376410793034,24.8154421107706
T2T00,LTR,ERV1,348910,163779446,469.403129746926,15.8045097589636
T2T00,LTR,ERVK,20681,17268987,835.017020453556,8.70808955079542
T2T00,LTR,ERVL,312787,113186118,361.863242398182,23.1825558606975
T2T00,LTR,ERVL-MaLR,666337,213442044,320.321464964425,20.3128718651373
T2T00,LTR,Gypsy,40328,8490597,210.53850922436,27.8897292203928
T2T00,LTR,Unknown,27250,5704693,209.346532110092,27.1047743119266
T2T00,Low_complexity,Unknown,207999,15946030,76.6639743460305,19.4799258650282
T2T00,PLE,Unknown,1371,122400,89.2778993435449,23.6757840991977
T2T00,RC,Helitron,4077,850312,208.563159185676,27.0680402256561
T2T00,Retroposon,SVA,84405,17391466,206.047817072448,23.6937776198093
T2T00,SINE,5S-Deu-L2,3834,415062,108.258215962441,27.5079290558164
T2T00,SINE,Alu,2367269,614046631,259.390306298101,13.0409923418082
T2T00,SINE,MIR,1107879,157274613,141.960099433241,28.2779557153805
T2T00,SINE,tRNA,3073,387058,125.95444191344,29.524959323137
T2T00,SINE,tRNA-Deu,823,89470,108.712029161604,27.9408262454435
T2T00,SINE,tRNA-Deu-L2,12,689,57.4166666666667,21.2
T2T00,SINE,tRNA-RTE,8039,1032506,128.437119044657,31.0600945391218
T2T00,Satellite,Unknown,67620,121509983,1796.9533126294,14.8782608695652
T2T00,Satellite,acro,1378,1398355,1014.77140783745,16.2246008708273
T2T00,Satellite,centr,5400,171790127,31812.9864814815,17.3083148148148
T2T00,Satellite,subtelo,370,270107,730.018918918919,11.2748648648649
T2T00,Simple_repeat,Unknown,1402452,139258897,99.296729585041,10.8334036387698
T2T00,Unknown,Unknown,86616,13909710,160.590537545026,17.0339579292509
T2T00,rRNA,Unknown,7334,6550514,893.170711753477,8.57759749113717
T2T00,scRNA,Unknown,3514,357924,101.856573705179,10.8757825839499
T2T00,snRNA,Unknown,9711,878888,90.5043764802801,13.2605087014726
T2T00,srpRNA,Unknown,4374,590015,134.891403749428,16.4895518975766
T2T00,tRNA,Unknown,3751,222889,59.4212210077313,10.6850706478272
T2T00_1,DNA,Crypton,561,82697,147.409982174688,25.491265597148
T2T00_1,DNA,Crypton-A,265,38753,146.237735849057,26.7867924528302
T2T00_1,DNA,Kolobok,718,118379,164.873259052925,25.0264623955432
T2T00_1,DNA,MULE-MuDR,5893,1943890,329.864245715255,18.098540641439
T2T00_1,DNA,Merlin,451,79996,177.374722838137,21.1707317073171
T2T00_1,DNA,PIF-Harbinger,720,126031,175.043055555556,26.5561111111111
T2T00_1,DNA,PiggyBac,4769,1053876,220.984692807716,13.001782344307
T2T00_1,DNA,TcMar,297,56818,191.306397306397,26.7124579124579
T2T00_1,DNA,TcMar-Mariner,32132,5696963,177.298736462094,15.1303871529939
T2T00_1,DNA,TcMar-Pogo,61,7399,121.295081967213,24.5295081967213
T2T00_1,DNA,TcMar-Tc1,1509,256658,170.084824387011,21.9133200795229
T2T00_1,DNA,TcMar-Tc2,15687,3248330,207.071460444954,24.1809523809524
T2T00_1,DNA,TcMar-Tigger,242907,73215693,301.414504316467,20.1900554533216
T2T00_1,DNA,Unknown,15164,2164468,142.73727248747,25.7266552360855
T2T00_1,DNA,hAT,5377,978970,182.066207922633,26.0480379393714
T2T00_1,DNA,hAT-Ac,7971,1273736,159.796261447748,25.8251285911429
T2T00_1,DNA,hAT-Blackjack,31779,4650239,146.330564209069,22.2931495641776
T2T00_1,DNA,hAT-Charlie,495962,89990121,181.445596638452,23.0674374246414
T2T00_1,DNA,hAT-Tag1,3863,856967,221.839761843127,25.9535076365519
T2T00_1,DNA,hAT-Tip100,123766,24172872,195.311087051371,25.2984414136354
T2T00_1,DNA,hAT-hAT19,33,3061,92.7575757575758,22.269696969697
T2T00_1,LINE,CR1,118586,20730297,174.812347157337,30.0235027743579
T2T00_1,LINE,Dong-R4,921,199611,216.732899022801,28.7232356134636
T2T00_1,LINE,I-Jockey,240,28802,120.008333333333,26.8445833333333
T2T00_1,LINE,L1,1846040,982304064,532.114181707872,19.4709070767697
T2T00_1,LINE,L1-Tx1,338,92488,273.633136094675,28.0949704142012
T2T00_1,LINE,L2,950691,200094773,210.472985439012,29.5142669910623
T2T00_1,LINE,RTE-BovB,10462,1642888,157.033836742497,30.9917988912254
T2T00_1,LINE,RTE-X,24889,5692444,228.713246815862,28.4437984651854
T2T00_1,LTR,DIRS,13657,936459,68.5698908984404,24.9710038807937
T2T00_1,LTR,ERV1,351447,164416588,467.827547254636,15.8437980691256
T2T00_1,LTR,ERVK,20781,17379791,836.330831047592,8.70636158028969
T2T00_1,LTR,ERVL,313032,113263912,361.828541490966,23.1773406552685
T2T00_1,LTR,ERVL-MaLR,667028,213630020,320.27144287796,20.3100952283862
T2T00_1,LTR,Gypsy,40292,8476270,210.371041397796,27.8908219994043
T2T00_1,LTR,Unknown,27223,5703884,209.524446240312,27.1103809278919
T2T00_1,Low_complexity,Unknown,211011,16819024,79.706858884134,19.5069152792982
T2T00_1,PLE,Unknown,1380,123573,89.545652173913,23.6147826086957
T2T00_1,RC,Helitron,4063,848392,208.809254245631,27.061284764952
T2T00_1,Retroposon,SVA,84342,17333274,205.511773493633,23.7268454625216
T2T00_1,SINE,5S-Deu-L2,3808,412526,108.331407563025,27.4919905462185
T2T00_1,SINE,Alu,2379075,616332363,259.063864317014,13.0568817712767
T2T00_1,SINE,MIR,1107565,157240262,141.96933091963,28.2773275609106
T2T00_1,SINE,tRNA,3060,384031,125.500326797386,29.5278104575163
T2T00_1,SINE,tRNA-Deu,823,89125,108.292831105711,27.8601458080194
T2T00_1,SINE,tRNA-Deu-L2,13,733,56.3846153846154,21.6692307692308
T2T00_1,SINE,tRNA-RTE,8020,1032505,128.741271820449,31.0694139650873
T2T00_1,Satellite,Unknown,74456,128934073,1731.6814360159,14.688359568067
T2T00_1,Satellite,acro,1520,1512162,994.843421052632,16.3894736842105
T2T00_1,Satellite,centr,5392,173539323,32184.5925445104,17.4621661721068
T2T00_1,Satellite,subtelo,384,282964,736.885416666667,11.4895833333333
T2T00_1,Simple_repeat,Unknown,1430544,142267159,99.4496911664374,10.7610106365131
T2T00_1,Unknown,Unknown,85315,14232611,166.824251303991,17.1781679657739
T2T00_1,rRNA,Unknown,8310,8663003,1042.47930204573,7.83799037304452
T2T00_1,scRNA,Unknown,3537,360243,101.849872773537,10.8799830364716
T2T00_1,snRNA,Unknown,9741,880257,90.3661841700031,13.2664613489375
T2T00_1,srpRNA,Unknown,4318,586536,135.835108846688,16.4983557202409
T2T00_1,tRNA,Unknown,4012,230797,57.5266699900299,10.6565054835494
T2T00_2,DNA,Crypton,588,86619,147.311224489796,25.5112244897959
T2T00_2,DNA,Crypton-A,275,39890,145.054545454545,26.8301818181818
T2T00_2,DNA,Kolobok,762,126003,165.358267716535,25.0191601049869
T2T00_2,DNA,MULE-MuDR,6345,2089578,329.326713947991,18.1803152088258
T2T00_2,DNA,Merlin,452,79990,176.969026548673,21.1367256637168
T2T00_2,DNA,PIF-Harbinger,743,130215,175.255720053836,26.5613728129206
T2T00_2,DNA,PiggyBac,5062,1111884,219.653101540893,13.0321216910312
T2T00_2,DNA,TcMar,322,60851,188.978260869565,26.6403726708075
T2T00_2,DNA,TcMar-Mariner,33808,5956175,176.176496687175,15.1080424751538
T2T00_2,DNA,TcMar-Pogo,64,7596,118.6875,24.7953125
T2T00_2,DNA,TcMar-Tc1,1581,268825,170.034788108792,21.8008855154965
T2T00_2,DNA,TcMar-Tc2,16381,3398824,207.485745680972,24.1879860814358
T2T00_2,DNA,TcMar-Tigger,255998,77198144,301.557605918796,20.1739615153243
T2T00_2,DNA,Unknown,15955,2274157,142.535694139768,25.714471952366
T2T00_2,DNA,hAT,5624,1027122,182.631934566145,26.0905227596017
T2T00_2,DNA,hAT-Ac,7589,1274432,167.931479773356,25.354934774015
T2T00_2,DNA,hAT-Blackjack,33376,4846992,145.223873441994,22.2580566874401
T2T00_2,DNA,hAT-Charlie,522829,94801509,181.324121271008,23.0464689219611
T2T00_2,DNA,hAT-Tag1,4085,902686,220.97576499388,25.9000734394125
T2T00_2,DNA,hAT-Tip100,129552,24803886,191.458919970359,25.2787390391503
T2T00_2,DNA,hAT-hAT19,35,3285,93.8571428571429,22.1628571428571
T2T00_2,LINE,CR1,124992,21849508,174.807251664107,30.0011152713774
T2T00_2,LINE,Dong-R4,987,214191,217.012158054711,28.755116514691
T2T00_2,LINE,I-Jockey,247,29427,119.137651821862,26.748987854251
T2T00_2,LINE,L1,1974965,1057603560,535.504963379098,19.4079837364206
T2T00_2,LINE,L1-Tx1,356,97768,274.629213483146,28.1494382022472
T2T00_2,LINE,L2,1001932,211109068,210.701991751935,29.5050953557726
T2T00_2,LINE,RTE-BovB,11052,1732455,156.754885993485,30.9742399565689
T2T00_2,LINE,RTE-X,26087,5966519,228.716180473033,28.4314332809445
T2T00_2,LTR,DIRS,13467,923080,68.5438479245563,24.4527808717606
T2T00_2,LTR,ERV1,368290,173080606,469.957386841891,15.7254177414537
T2T00_2,LTR,ERVK,21699,18183702,837.997234895617,8.62409788469515
T2T00_2,LTR,ERVL,330958,119979015,362.520365121858,23.147866194502
T2T00_2,LTR,ERVL-MaLR,705266,226380103,320.985419685622,20.2759071045535
T2T00_2,LTR,Gypsy,42174,8887358,210.730734575805,27.8860079669939
T2T00_2,LTR,Unknown,28431,5955370,209.467482677359,27.0756357497098
T2T00_2,Low_complexity,Unknown,213457,14870275,69.6640306947067,19.4154298055346
T2T00_2,PLE,Unknown,1455,129407,88.9395189003436,23.6077663230241
T2T00_2,RC,Helitron,4246,882044,207.735280263778,27.0114225153085
T2T00_2,Retroposon,SVA,89153,18445743,206.89985754826,23.6464033739751
T2T00_2,SINE,5S-Deu-L2,4033,438566,108.744359037937,27.4730473592859
T2T00_2,SINE,Alu,2488571,646172984,259.656238057906,12.9975729042892
T2T00_2,SINE,MIR,1164059,165231717,141.944452128286,28.2542752558075
T2T00_2,SINE,tRNA,3224,406008,125.93300248139,29.4911600496278
T2T00_2,SINE,tRNA-Deu,853,92173,108.057444314185,27.8499413833529
T2T00_2,SINE,tRNA-Deu-L2,14,802,57.2857142857143,22.3857142857143
T2T00_2,SINE,tRNA-RTE,8630,1107860,128.373117033604,31.021819235226
T2T00_2,Satellite,Unknown,66951,126055258,1882.79873340204,14.3911487505788
T2T00_2,Satellite,acro,1608,1545178,960.931592039801,16.4405472636816
T2T00_2,Satellite,centr,5269,187231357,35534.514518884,16.4060922376162
T2T00_2,Satellite,subtelo,428,321077,750.179906542056,10.5539719626168
T2T00_2,Simple_repeat,Unknown,1448584,126390241,87.2508884538279,10.7102517354879
T2T00_2,Unknown,Unknown,91839,15201386,165.522120232145,17.1266586090876
T2T00_2,rRNA,Unknown,5518,3703666,671.197172888728,10.976168901776
T2T00_2,scRNA,Unknown,3784,385325,101.830073995772,10.773810782241
T2T00_2,snRNA,Unknown,10366,942559,90.9279374879413,13.287507235192
T2T00_2,srpRNA,Unknown,4637,630845,136.045934871684,16.5127237437999
T2T00_2,tRNA,Unknown,4181,251888,60.2458741927768,10.4691939727338
T2T01,DNA,Crypton,583,85154,146.061749571184,25.4533447684391
T2T01,DNA,Crypton-A,274,40059,146.200729927007,26.7901459854015
T2T01,DNA,Kolobok,734,121715,165.824250681199,25.0523160762943
T2T01,DNA,MULE-MuDR,6059,2003741,330.704901798977,18.1334378610332
T2T01,DNA,Merlin,446,76296,171.067264573991,21.3078475336323
T2T01,DNA,PIF-Harbinger,733,128575,175.409276944065,26.500272851296
T2T01,DNA,PiggyBac,4877,1071460,219.696534754972,13.0290547467706
T2T01,DNA,TcMar,309,58828,190.381877022654,26.6378640776699
T2T01,DNA,TcMar-Mariner,32965,5807120,176.160169877142,15.1123646291521
T2T01,DNA,TcMar-Pogo,63,7485,118.809523809524,24.552380952381
T2T01,DNA,TcMar-Tc1,1527,261426,171.202357563851,21.9170923379175
T2T01,DNA,TcMar-Tc2,15886,3289794,207.087624323304,24.1720571572454
T2T01,DNA,TcMar-Tigger,247907,74755089,301.544889817553,20.1951792406023
T2T01,DNA,Unknown,15539,2218286,142.75603320677,25.7178068086749
T2T01,DNA,hAT,5455,997326,182.827864344638,26.0663794683776
T2T01,DNA,hAT-Ac,7653,1266667,165.512478766497,25.5251535345616
T2T01,DNA,hAT-Blackjack,32517,4733818,145.579789033429,22.2652643232771
T2T01,DNA,hAT-Charlie,506375,91879776,181.446114045915,23.0517187854851
T2T01,DNA,hAT-Tag1,3990,881888,221.024561403509,25.9144110275689
T2T01,DNA,hAT-Tip100,126275,24391745,193.163690358345,25.3027099584241
T2T01,DNA,hAT-hAT19,32,2994,93.5625,21.921875
T2T01,LINE,CR1,121375,21240087,174.995567456231,30.0061964984552
T2T01,LINE,Dong-R4,954,208330,218.375262054507,28.7462264150943
T2T01,LINE,I-Jockey,239,28860,120.753138075314,26.7995815899582
T2T01,LINE,L1,1901387,1019789290,536.33967729873,19.4072318786233
T2T01,LINE,L1-Tx1,342,94993,277.75730994152,28.2535087719298
T2T01,LINE,L2,971366,204710105,210.744564870502,29.5140372423988
T2T01,LINE,RTE-BovB,10690,1691449,158.227221702526,31.0521702525725
T2T01,LINE,RTE-X,25414,5819506,228.988195482805,28.4478161643189
T2T01,LTR,DIRS,13334,914810,68.6073196340183,24.5698215089246
T2T01,LTR,ERV1,355761,166590732,468.265863880527,15.7600490216747
T2T01,LTR,ERVK,20627,17214219,834.547874145537,8.60407718039463
T2T01,LTR,ERVL,320714,116349310,362.782136108807,23.1527354590071
T2T01,LTR,ERVL-MaLR,682805,219347769,321.245112440594,20.2785026471687
T2T01,LTR,Gypsy,41049,8663654,211.056396014519,27.9052717483983
T2T01,LTR,Unknown,27810,5811517,208.972204243078,27.0971521035599
T2T01,Low_complexity,Unknown,210509,15800460,75.0583585499907,19.4559691034588
T2T01,PLE,Unknown,1407,125724,89.3560767590618,23.5647476901208
T2T01,RC,Helitron,4150,864673,208.354939759036,27.0611084337349
T2T01,Retroposon,SVA,85442,17724949,207.45007139346,23.6927166967065
T2T01,SINE,5S-Deu-L2,3923,427292,108.919704307928,27.5415753250064
T2T01,SINE,Alu,2395225,621444756,259.45151541087,13.007669592627
T2T01,SINE,MIR,1129662,160509200,142.086039895119,28.271002388325
T2T01,SINE,tRNA,3120,393466,126.110897435897,29.5104807692308
T2T01,SINE,tRNA-Deu,831,90672,109.111913357401,27.912274368231
T2T01,SINE,tRNA-Deu-L2,12,690,57.5,22.0833333333333
T2T01,SINE,tRNA-RTE,8370,1073810,128.292712066906,31.0287216248507
T2T01,Satellite,Unknown,53946,105696509,1959.30206132058,14.544978311645
T2T01,Satellite,acro,1244,1196001,961.415594855305,16.7102090032154
T2T01,Satellite,centr,4557,172818195,37923.676761027,16.482159315339
T2T01,Satellite,subtelo,358,284179,793.796089385475,10.5558659217877
T2T01,Simple_repeat,Unknown,1408064,126179156,89.6118045770647,10.766867912254
T2T01,Unknown,Unknown,80716,13160708,163.049556469597,18.4672097229793
T2T01,rRNA,Unknown,6878,6038961,878.011195114859,9.36908985170108
T2T01,scRNA,Unknown,3599,367390,102.081133648236,10.8906918588497
T2T01,snRNA,Unknown,9942,902049,90.7311406155703,13.2121907060954
T2T01,srpRNA,Unknown,4406,597400,135.587834770767,16.490490240581
T2T01,tRNA,Unknown,3806,225246,59.1818181818182,10.8459800315292
T2T02,DNA,Crypton,568,83198,146.475352112676,25.5109154929577
T2T02,DNA,Crypton-A,268,39124,145.985074626866,26.8138059701493
T2T02,DNA,Kolobok,714,117631,164.749299719888,24.921568627451
T2T02,DNA,MULE-MuDR,5942,1973899,332.194378996971,18.1208179064288
T2T02,DNA,Merlin,443,76223,172.060948081264,21.3523702031603
T2T02,DNA,PIF-Harbinger,724,127352,175.900552486188,26.6805248618785
T2T02,DNA,PiggyBac,4776,1054352,220.760469011725,13.0064070351759
T2T02,DNA,TcMar,305,57737,189.301639344262,26.7770491803279
T2T02,DNA,TcMar-Mariner,32192,5653505,175.618321322068,15.1306225149105
T2T02,DNA,TcMar-Pogo,60,7306,121.766666666667,24.49
T2T02,DNA,TcMar-Tc1,1521,258290,169.815910585141,21.8993425378041
T2T02,DNA,TcMar-Tc2,15684,3244864,206.890079061464,24.1969268043866
T2T02,DNA,TcMar-Tigger,243835,73490620,301.39487768368,20.1932585559907
T2T02,DNA,Unknown,15190,2169601,142.830875576037,25.721198156682
T2T02,DNA,hAT,5392,985520,182.774480712166,26.0371661721068
T2T02,DNA,hAT-Ac,7747,1255287,162.035239447528,25.6569252613915
T2T02,DNA,hAT-Blackjack,31894,4659303,146.087132375995,22.2975700758763
T2T02,DNA,hAT-Charlie,497572,90314293,181.509998552973,23.0729711478942
T2T02,DNA,hAT-Tag1,3915,864384,220.787739463602,25.9113920817369
T2T02,DNA,hAT-Tip100,124014,24109875,194.412526005128,25.2869288951247
T2T02,DNA,hAT-hAT19,35,3269,93.4,22.3342857142857
T2T02,LINE,CR1,118878,20798297,174.954970642171,30.0243695216945
T2T02,LINE,Dong-R4,935,200479,214.416042780749,28.612513368984
T2T02,LINE,I-Jockey,239,28576,119.564853556485,26.9267782426778
T2T02,LINE,L1,1851959,985868467,532.338171093421,19.4709700916705
T2T02,LINE,L1-Tx1,346,93160,269.248554913295,28.0127167630058
T2T02,LINE,L2,953464,200638045,210.430645519915,29.5151346039284
T2T02,LINE,RTE-BovB,10473,1650487,157.594481046501,31.0222572328846
T2T02,LINE,RTE-X,24987,5700754,228.148797374635,28.4249809901149
T2T02,LTR,DIRS,13458,922602,68.5541685242978,24.801798186952
T2T02,LTR,ERV1,351729,164787849,468.507996212994,15.8329227899889
T2T02,LTR,ERVK,20924,17530938,837.83874976104,8.71099694131141
T2T02,LTR,ERVL,313772,113530169,361.823773313106,23.1770132452864
T2T02,LTR,ERVL-MaLR,668905,214235646,320.278135161196,20.3087511679536
T2T02,LTR,Gypsy,40222,8473182,210.660384864005,27.8951593655214
T2T02,LTR,Unknown,27344,5720178,209.193168519602,27.0943570801638
T2T02,Low_complexity,Unknown,209667,16277157,77.6333757815965,19.4956602612714
T2T02,PLE,Unknown,1379,123184,89.3284989122553,23.5661348803481
T2T02,RC,Helitron,4100,858551,209.402682926829,27.047487804878
T2T02,Retroposon,SVA,84907,17496505,206.066696503233,23.7230075258813
T2T02,SINE,5S-Deu-L2,3825,418215,109.337254901961,27.5823790849673
T2T02,SINE,Alu,2383951,617535992,259.0388778964,13.0578099969337
T2T02,SINE,MIR,1110652,157693186,141.98253458329,28.2759971620273
T2T02,SINE,tRNA,3064,386105,126.013381201044,29.4987924281984
T2T02,SINE,tRNA-Deu,808,88705,109.783415841584,27.9378712871287
T2T02,SINE,tRNA-Deu-L2,13,734,56.4615384615385,22.4846153846154
T2T02,SINE,tRNA-RTE,8052,1035066,128.547690014903,31.0598360655738
T2T02,Satellite,Unknown,71304,120705045,1692.82291316055,14.7955430270392
T2T02,Satellite,acro,1133,1064011,939.109443954104,16.3395410414828
T2T02,Satellite,centr,5238,171146933,32674.0994654448,17.2743031691485
T2T02,Satellite,subtelo,391,287724,735.867007672634,11.3649616368286
T2T02,Simple_repeat,Unknown,1424493,153675272,107.880678950335,10.8020969566014
T2T02,Unknown,Unknown,82524,13164109,159.51855217876,17.673433183074
T2T02,rRNA,Unknown,7541,7926858,1051.16801485214,8.54751359236176
T2T02,scRNA,Unknown,3543,359773,101.544736099351,10.8392040643522
T2T02,snRNA,Unknown,9803,892052,90.9978577986331,13.2719473630521
T2T02,srpRNA,Unknown,4378,590832,134.954773869347,16.5455459113751
T2T02,tRNA,Unknown,3847,229589,59.6800103977125,10.3917858071224
T2T03,DNA,Crypton,569,83762,147.20913884007,25.4992970123023
T2T03,DNA,Crypton-A,277,40191,145.093862815884,26.6523465703971
T2T03,DNA,Kolobok,727,121052,166.50894085282,25.0735900962861
T2T03,DNA,MULE-MuDR,6105,2011005,329.402948402948,18.1100900900901
T2T03,DNA,Merlin,444,76506,172.310810810811,21.4626126126126
T2T03,DNA,PIF-Harbinger,738,128436,174.032520325203,26.5365853658537
T2T03,DNA,PiggyBac,4860,1070164,220.198353909465,13.0271193415638
T2T03,DNA,TcMar,313,59381,189.715654952077,26.7364217252396
T2T03,DNA,TcMar-Mariner,32930,5805836,176.308411782569,15.1172517461282
T2T03,DNA,TcMar-Pogo,65,7733,118.969230769231,24.7461538461538
T2T03,DNA,TcMar-Tc1,1540,261801,170.000649350649,21.8462987012987
T2T03,DNA,TcMar-Tc2,15892,3290757,207.070035237856,24.1724452554745
T2T03,DNA,TcMar-Tigger,248171,74779882,301.324014490009,20.2014582686938
T2T03,DNA,Unknown,15479,2202553,142.292977582531,25.7260029717682
T2T03,DNA,hAT,5479,998961,182.325424347509,26.0638802701223
T2T03,DNA,hAT-Ac,8101,1301892,160.707566967041,25.8244661152944
T2T03,DNA,hAT-Blackjack,32441,4728808,145.766406707561,22.2638420517247
T2T03,DNA,hAT-Charlie,506403,91925091,181.525565606839,23.0561615946193
T2T03,DNA,hAT-Tag1,3982,880646,221.15670517328,25.9507533902562
T2T03,DNA,hAT-Tip100,126728,24736671,195.194992424721,25.2998421816805
T2T03,DNA,hAT-hAT19,34,3212,94.4705882352941,22.3941176470588
T2T03,LINE,CR1,121331,21250038,175.141043921174,30.0115535188864
T2T03,LINE,Dong-R4,956,206911,216.43410041841,28.6359832635983
T2T03,LINE,I-Jockey,235,28485,121.212765957447,26.8527659574468
T2T03,LINE,L1,1904060,1020718838,536.074933563018,19.4137823387918
T2T03,LINE,L1-Tx1,345,94837,274.889855072464,28.1023188405797
T2T03,LINE,L2,970823,204602407,210.751503621154,29.5139899858162
T2T03,LINE,RTE-BovB,10747,1691724,157.413603796408,31.0341676746999
T2T03,LINE,RTE-X,25320,5800634,229.092969984202,28.4307266982622
T2T03,LTR,DIRS,13693,939341,68.6000876360184,24.9808588329804
T2T03,LTR,ERV1,357994,167075576,466.699374849858,15.7948205835852
T2T03,LTR,ERVK,20688,17317609,837.084735112142,8.60934841453983
T2T03,LTR,ERVL,320626,116390274,363.009468976315,23.1530356240604
T2T03,LTR,ERVL-MaLR,682557,219189958,321.130627918254,20.2766325742758
T2T03,LTR,Gypsy,41107,8658477,210.6326659693,27.8923516675992
T2T03,LTR,Unknown,27795,5814556,209.194315524375,27.0902716315884
T2T03,Low_complexity,Unknown,215546,17244418,80.0034238631197,19.5114351460941
T2T03,PLE,Unknown,1432,126450,88.3030726256983,23.6247905027933
T2T03,RC,Helitron,4175,868256,207.965508982036,27.0428263473054
T2T03,Retroposon,SVA,85838,17701448,206.219250215522,23.7052971877257
T2T03,SINE,5S-Deu-L2,3893,424130,108.946827639353,27.5539943488312
T2T03,SINE,Alu,2407804,623762673,259.058741076932,13.0287256354753
T2T03,SINE,MIR,1128897,160379375,142.067323236752,28.2672871838618
T2T03,SINE,tRNA,3104,391930,126.266108247423,29.5043492268041
T2T03,SINE,tRNA-Deu,846,91740,108.439716312057,27.9267139479905
T2T03,SINE,tRNA-Deu-L2,14,801,57.2142857142857,21.6285714285714
T2T03,SINE,tRNA-RTE,8363,1074287,128.457132607916,31.0605285184742
T2T03,Satellite,Unknown,60636,111855537,1844.70507619236,14.2107477406161
T2T03,Satellite,acro,1488,1440892,968.341397849462,16.3210349462366
T2T03,Satellite,centr,4738,179827855,37954.3805403124,16.3426340227944
T2T03,Satellite,subtelo,348,270352,776.873563218391,10.601724137931
T2T03,Simple_repeat,Unknown,1443238,128476135,89.0193682538846,10.6872951654543
T2T03,Unknown,Unknown,83837,13633815,162.622887269344,17.8814962367451
T2T03,rRNA,Unknown,8409,8796196,1046.04542751814,8.22222618622904
T2T03,scRNA,Unknown,3596,366669,101.965795328142,10.8131256952169
T2T03,snRNA,Unknown,9952,902173,90.6524316720257,13.2073653536977
T2T03,srpRNA,Unknown,4379,594759,135.8207353277,16.4989952043846
T2T03,tRNA,Unknown,4136,238797,57.7362185686654,10.6581237911025
T2T04,DNA,Crypton,563,82114,145.85079928952,25.4706927175844
T2T04,DNA,Crypton-A,268,38860,145.0,26.6358208955224
T2T04,DNA,Kolobok,709,117169,165.25952045134,24.941466854725
T2T04,DNA,MULE-MuDR,5921,1952982,329.83989191015,18.1161459212971
T2T04,DNA,Merlin,441,75985,172.301587301587,21.3836734693878
T2T04,DNA,PIF-Harbinger,730,127267,174.338356164384,26.5656164383562
T2T04,DNA,PiggyBac,4761,1047962,220.11384162991,13.0285654274312
T2T04,DNA,TcMar,299,57472,192.214046822742,26.7789297658863
T2T04,DNA,TcMar-Mariner,31989,5592283,174.818937759855,15.1229985307449
T2T04,DNA,TcMar-Pogo,64,7648,119.5,24.7109375
T2T04,DNA,TcMar-Tc1,1522,258512,169.850197109067,21.8952036793692
T2T04,DNA,TcMar-Tc2,15690,3241551,206.599808795411,24.1731357552581
T2T04,DNA,TcMar-Tigger,243431,73295159,301.092132883651,20.1951012812666
T2T04,DNA,Unknown,15174,2159690,142.328324766047,25.7336694345591
T2T04,DNA,hAT,5366,978256,182.306373462542,26.0493291092061
T2T04,DNA,hAT-Ac,8275,1298142,156.875166163142,25.9546586102719
T2T04,DNA,hAT-Blackjack,31781,4646404,146.200685944432,22.2930272804506
T2T04,DNA,hAT-Charlie,495945,90008627,181.489130851203,23.069754105798
T2T04,DNA,hAT-Tag1,3897,862762,221.391326661535,25.9584039004362
T2T04,DNA,hAT-Tip100,124160,24435909,196.809834085052,25.2979091494845
T2T04,DNA,hAT-hAT19,32,2954,92.3125,21.984375
T2T04,LINE,CR1,118591,20742323,174.906384126957,30.0178976482195
T2T04,LINE,Dong-R4,928,200081,215.604525862069,28.6760775862069
T2T04,LINE,I-Jockey,232,28207,121.581896551724,26.8094827586207
T2T04,LINE,L1,1845489,982543350,532.402712776939,19.478169688359
T2T04,LINE,L1-Tx1,334,92046,275.586826347305,28.1131736526946
T2T04,LINE,L2,950867,200082497,210.421117779879,29.5128135690901
T2T04,LINE,RTE-BovB,10433,1638552,157.054730183073,30.9956580082431
T2T04,LINE,RTE-X,24949,5693826,228.218605956151,28.4378131388032
T2T04,LTR,DIRS,13972,959234,68.654022330375,25.1817563698826
T2T04,LTR,ERV1,352693,164581102,466.641248904855,15.8771730655272
T2T04,LTR,ERVK,20708,17325432,836.654046745219,8.71873672010817
T2T04,LTR,ERVL,313091,113353387,362.046136746186,23.179318472904
T2T04,LTR,ERVL-MaLR,666864,213614822,320.327416084839,20.3128672412966
T2T04,LTR,Gypsy,40262,8466245,210.278798867418,27.8792384879042
T2T04,LTR,Unknown,27279,5703534,209.081491257011,27.0968143993548
T2T04,Low_complexity,Unknown,216166,18508574,85.6220404688989,19.5351114421324
T2T04,PLE,Unknown,1380,124073,89.9079710144928,23.7168115942029
T2T04,RC,Helitron,4073,849438,208.553400441935,27.0518536705131
T2T04,Retroposon,SVA,85056,17396998,204.535811700527,23.7400759499624
T2T04,SINE,5S-Deu-L2,3835,416370,108.571056062581,27.4931421121252
T2T04,SINE,Alu,2388937,617986293,258.686726774293,13.0701866562408
T2T04,SINE,MIR,1107971,157290932,141.963040548895,28.2755852815642
T2T04,SINE,tRNA,3079,387151,125.739201039298,29.5163364728808
T2T04,SINE,tRNA-Deu,829,89750,108.262967430639,27.8316043425814
T2T04,SINE,tRNA-Deu-L2,13,757,58.2307692307692,21.1923076923077
T2T04,SINE,tRNA-RTE,8034,1033802,128.678366940503,31.0430545182972
T2T04,Satellite,Unknown,73775,122873646,1665.5187529651,14.7263517451711
T2T04,Satellite,acro,1033,1043325,1009.99515972894,16.4006776379477
T2T04,Satellite,centr,5275,182220875,34544.2417061611,17.4258767772512
T2T04,Satellite,subtelo,356,264832,743.910112359551,11.1016853932584
T2T04,Simple_repeat,Unknown,1440852,135044624,93.7255346142422,10.7519965270548
T2T04,Unknown,Unknown,80383,13050091,162.348892178695,18.1672555142256
T2T04,rRNA,Unknown,9511,10847979,1140.57186415729,7.39308169487961
T2T04,scRNA,Unknown,3545,361134,101.871368124118,10.875119887165
T2T04,snRNA,Unknown,9709,878569,90.4901637655783,13.2667833968483
T2T04,srpRNA,Unknown,4397,589238,134.009097111667,16.5379122128724
T2T04,tRNA,Unknown,3661,216517,59.1414913957935,10.6572794318492
T2T04_1,DNA,Crypton,552,82014,148.576086956522,25.526268115942
T2T04_1,DNA,Crypton-A,266,38907,146.266917293233,26.8195488721805
T2T04_1,DNA,Kolobok,712,117801,165.450842696629,25.0205056179775
T2T04_1,DNA,MULE-MuDR,5948,1952037,328.183759246806,18.1011264290518
T2T04_1,DNA,Merlin,442,75988,171.918552036199,21.3411764705882
T2T04_1,DNA,PIF-Harbinger,718,125739,175.123955431755,26.5515320334262
T2T04_1,DNA,PiggyBac,4807,1057029,219.893696692324,13.0187643020595
T2T04_1,DNA,TcMar,304,58312,191.815789473684,26.7154605263158
T2T04_1,DNA,TcMar-Mariner,32121,5638615,175.542946981725,15.1333177671928
T2T04_1,DNA,TcMar-Pogo,62,7558,121.903225806452,24.7677419354839
T2T04_1,DNA,TcMar-Tc1,1513,257454,170.161269001983,21.9098479841375
T2T04_1,DNA,TcMar-Tc2,15725,3255256,207.011510333863,24.1976724960254
T2T04_1,DNA,TcMar-Tigger,243410,73408469,301.583620229243,20.1939990140093
T2T04_1,DNA,Unknown,15165,2165694,142.808704253215,25.7341246290801
T2T04_1,DNA,hAT,5360,977864,182.437313432836,26.0465111940299
T2T04_1,DNA,hAT-Ac,7660,1248229,162.954177545692,25.5903785900783
T2T04_1,DNA,hAT-Blackjack,31930,4665310,146.110554337614,22.2816818039461
T2T04_1,DNA,hAT-Charlie,497697,90318613,181.47309105741,23.0672535699432
T2T04_1,DNA,hAT-Tag1,3892,861163,221.264902363823,25.9695272353546
T2T04_1,DNA,hAT-Tip100,123968,24012833,193.701866610738,25.2889277878162
T2T04_1,DNA,hAT-hAT19,34,3177,93.4411764705882,22.3294117647059
T2T04_1,LINE,CR1,118818,20771340,174.816441953239,30.0176867141342
T2T04_1,LINE,Dong-R4,925,198978,215.111351351351,28.6547027027027
T2T04_1,LINE,I-Jockey,235,28337,120.582978723404,26.7731914893617
T2T04_1,LINE,L1,1852373,985884357,532.227773240055,19.4688321412588
T2T04_1,LINE,L1-Tx1,338,92726,274.337278106509,28.1204142011834
T2T04_1,LINE,L2,954560,200901755,210.465298147838,29.5113774932953
T2T04_1,LINE,RTE-BovB,10479,1648210,157.286954862105,31.0010401755893
T2T04_1,LINE,RTE-X,25011,5704974,228.098596617488,28.4325296869377
T2T04_1,LTR,DIRS,13354,916191,68.6079826269283,24.7627677100494
T2T04_1,LTR,ERV1,350764,164652987,469.412445404888,15.8110102519073
T2T04_1,LTR,ERVK,20858,17422226,835.277878991274,8.70768050628056
T2T04_1,LTR,ERVL,314156,113599848,361.603305364214,23.1816444696266
T2T04_1,LTR,ERVL-MaLR,669409,214312331,320.151553086379,20.3140559807233
T2T04_1,LTR,Gypsy,40436,8512256,210.511821149471,27.8799213572064
T2T04_1,LTR,Unknown,27346,5726983,209.426716887296,27.1112118774227
T2T04_1,Low_complexity,Unknown,209194,15921764,76.1100413969808,19.484906832892
T2T04_1,PLE,Unknown,1374,122309,89.0167394468704,23.6371906841339
T2T04_1,RC,Helitron,4092,854456,208.811339198436,27.0395894428152
T2T04_1,Retroposon,SVA,85065,17528302,206.057744078058,23.7051254922706
T2T04_1,SINE,5S-Deu-L2,3852,417160,108.296988577362,27.5197300103842
T2T04_1,SINE,Alu,2381025,617499372,259.341826314297,13.0439325920559
T2T04_1,SINE,MIR,1112128,157890786,141.971774831674,28.2762272867871
T2T04_1,SINE,tRNA,3080,388099,126.006168831169,29.4866233766234
T2T04_1,SINE,tRNA-Deu,839,89968,107.23241954708,27.7859356376639
T2T04_1,SINE,tRNA-Deu-L2,15,828,55.2,22.1333333333333
T2T04_1,SINE,tRNA-RTE,8041,1035372,128.761596816316,31.0545454545455
T2T04_1,Satellite,Unknown,76280,126159347,1653.89809910855,14.9397391190351
T2T04_1,Satellite,acro,982,964335,982.011201629328,16.4116089613035
T2T04_1,Satellite,centr,5940,183861264,30953.0747474747,16.9047474747475
T2T04_1,Satellite,subtelo,374,276929,740.451871657754,11.2136363636364
T2T04_1,Simple_repeat,Unknown,1412914,142068382,100.549914573711,10.7882756487656
T2T04_1,Unknown,Unknown,84660,12871830,152.041459957477,17.3889451925348
T2T04_1,rRNA,Unknown,6877,6535523,950.345063254326,9.08868692743929
T2T04_1,scRNA,Unknown,3541,359618,101.558316859644,10.8343123411466
T2T04_1,snRNA,Unknown,9816,893165,90.9907294213529,13.3020273023635
T2T04_1,srpRNA,Unknown,4371,591466,135.315946007779,16.5241363532372
T2T04_1,tRNA,Unknown,3900,233744,59.934358974359,10.3173846153846
T2T04_2,DNA,Crypton,581,85152,146.561101549053,25.4746987951807
T2T04_2,DNA,Crypton-A,274,39762,145.116788321168,26.6715328467153
T2T04_2,DNA,Kolobok,736,121826,165.524456521739,24.9957880434783
T2T04_2,DNA,MULE-MuDR,6141,2024294,329.635889920208,18.1141670737665
T2T04_2,DNA,Merlin,448,76400,170.535714285714,21.2796875
T2T04_2,DNA,PIF-Harbinger,742,129035,173.901617250674,26.6059299191375
T2T04_2,DNA,PiggyBac,4891,1075869,219.9691269679,13.0200368022899
T2T04_2,DNA,TcMar,319,60609,189.996865203762,26.7595611285266
T2T04_2,DNA,TcMar-Mariner,33016,5793340,175.470680881997,15.1181457475164
T2T04_2,DNA,TcMar-Pogo,67,7961,118.820895522388,24.6776119402985
T2T04_2,DNA,TcMar-Tc1,1546,264096,170.825355756792,21.9347994825356
T2T04_2,DNA,TcMar-Tc2,15966,3306127,207.072967556057,24.1688024552173
T2T04_2,DNA,TcMar-Tigger,249830,75220595,301.087119241084,20.1942248729136
T2T04_2,DNA,Unknown,15523,2210303,142.388906783483,25.7239386716485
T2T04_2,DNA,hAT,5496,1004206,182.715793304221,26.0476528384279
T2T04_2,DNA,hAT-Ac,8108,1306305,161.113098174642,25.744338924519
T2T04_2,DNA,hAT-Blackjack,32698,4756485,145.46715395437,22.254991130956
T2T04_2,DNA,hAT-Charlie,510129,92517543,181.361073375558,23.0522667795793
T2T04_2,DNA,hAT-Tag1,4046,897395,221.798072170044,25.915645081562
T2T04_2,DNA,hAT-Tip100,127444,24828991,194.822753523116,25.2933233420169
T2T04_2,DNA,hAT-hAT19,33,3073,93.1212121212121,22.0060606060606
T2T04_2,LINE,CR1,122012,21356655,175.037332393535,30.0115218175261
T2T04_2,LINE,Dong-R4,973,212435,218.329907502569,28.7773895169579
T2T04_2,LINE,I-Jockey,242,28980,119.752066115702,26.8396694214876
T2T04_2,LINE,L1,1916577,1027594977,536.161592777123,19.4085455997855
T2T04_2,LINE,L1-Tx1,351,96354,274.51282051282,28.0153846153846
T2T04_2,LINE,L2,977932,205990344,210.638719256554,29.5115212509663
T2T04_2,LINE,RTE-BovB,10780,1699315,157.635899814471,30.9953153988868
T2T04_2,LINE,RTE-X,25542,5837743,228.554655077911,28.4335055986219
T2T04_2,LTR,DIRS,13830,948418,68.5768618944324,24.9116558206797
T2T04_2,LTR,ERV1,361267,168245267,465.708927192354,15.814633498216
T2T04_2,LTR,ERVK,20955,17516247,835.898210450966,8.6490479599141
T2T04_2,LTR,ERVL,323002,117219530,362.906514510746,23.1476148754497
T2T04_2,LTR,ERVL-MaLR,686074,220370034,321.204467739632,20.2797329442597
T2T04_2,LTR,Gypsy,41307,8703320,210.698428837727,27.8929430847072
T2T04_2,LTR,Unknown,27956,5851735,209.319466304192,27.0889361854343
T2T04_2,Low_complexity,Unknown,216392,17236083,79.6521266959961,19.4860729601834
T2T04_2,PLE,Unknown,1414,127225,89.9752475247525,23.6636492220651
T2T04_2,RC,Helitron,4156,866700,208.541867179981,27.0325794032724
T2T04_2,Retroposon,SVA,86764,17851982,205.753330874556,23.7053305518418
T2T04_2,SINE,5S-Deu-L2,3938,426517,108.308024377857,27.4999238191976
T2T04_2,SINE,Alu,2430428,629444592,258.985080817041,13.0275953453466
T2T04_2,SINE,MIR,1136813,161468102,142.035763137825,28.2661055072382
T2T04_2,SINE,tRNA,3120,395151,126.650961538462,29.5311858974359
T2T04_2,SINE,tRNA-Deu,846,91423,108.065011820331,27.7618203309693
T2T04_2,SINE,tRNA-Deu-L2,14,801,57.2142857142857,21.6285714285714
T2T04_2,SINE,tRNA-RTE,8401,1082316,128.831805737412,31.0584216164742
T2T04_2,Satellite,Unknown,66917,111942981,1672.8631140069,14.3829654646801
T2T04_2,Satellite,acro,1413,1445625,1023.08917197452,16.165534324133
T2T04_2,Satellite,centr,4935,187911710,38077.3475177305,16.0833232016211
T2T04_2,Satellite,subtelo,363,278345,766.790633608815,10.304958677686
T2T04_2,Simple_repeat,Unknown,1451279,122754293,84.5835246014033,10.6700725360182
T2T04_2,Unknown,Unknown,87816,14633520,166.638425799399,17.2690375330236
T2T04_2,rRNA,Unknown,7800,8567781,1098.43346153846,8.54255128205128
T2T04_2,scRNA,Unknown,3661,373617,102.053264135482,10.8844304834745
T2T04_2,snRNA,Unknown,10183,939040,92.2164391633114,13.0091917902386
T2T04_2,srpRNA,Unknown,4463,603523,135.228097692135,16.5281649114945
T2T04_2,tRNA,Unknown,4200,241805,57.572619047619,10.7332619047619
T2T05,DNA,Crypton,567,83169,146.68253968254,25.536860670194
T2T05,DNA,Crypton-A,264,38333,145.200757575758,26.6818181818182
T2T05,DNA,Kolobok,711,118118,166.129395218003,25.0683544303797
T2T05,DNA,MULE-MuDR,5876,1942169,330.525697753574,18.093413886998
T2T05,DNA,Merlin,442,75700,171.266968325792,21.2665158371041
T2T05,DNA,PIF-Harbinger,724,126438,174.638121546961,26.5182320441989
T2T05,DNA,PiggyBac,4759,1051022,220.849338096239,13.0209918050011
T2T05,DNA,TcMar,300,57103,190.343333333333,26.7133333333333
T2T05,DNA,TcMar-Mariner,32090,5644400,175.892801495793,15.1245964474914
T2T05,DNA,TcMar-Pogo,63,7319,116.174603174603,24.5333333333333
T2T05,DNA,TcMar-Tc1,1510,257646,170.626490066225,21.9090728476821
T2T05,DNA,TcMar-Tc2,15598,3232494,207.237722784972,24.1911911783562
T2T05,DNA,TcMar-Tigger,242653,73114531,301.313113788002,20.191411604225
T2T05,DNA,Unknown,15147,2158289,142.489535881693,25.7274443784248
T2T05,DNA,hAT,5335,977780,183.276476101218,26.0661105904405
T2T05,DNA,hAT-Ac,7743,1251887,161.679839855353,25.6792586852641
T2T05,DNA,hAT-Blackjack,31787,4648695,146.245163116998,22.2968037247932
T2T05,DNA,hAT-Charlie,495245,89892506,181.511183353694,23.0700172641824
T2T05,DNA,hAT-Tag1,3899,864072,221.613747114645,25.9721723518851
T2T05,DNA,hAT-Tip100,123708,24211290,195.713211756717,25.2888535907136
T2T05,DNA,hAT-hAT19,33,3083,93.4242424242424,22.2484848484848
T2T05,LINE,CR1,118404,20712536,174.931049626702,30.0151937434546
T2T05,LINE,Dong-R4,925,199068,215.208648648649,28.6163243243243
T2T05,LINE,I-Jockey,227,27638,121.753303964758,26.6550660792952
T2T05,LINE,L1,1842160,980207493,532.096828179963,19.4709783080731
T2T05,LINE,L1-Tx1,335,91587,273.394029850746,28.1749253731343
T2T05,LINE,L2,949503,199780908,210.405768070243,29.5124745261468
T2T05,LINE,RTE-BovB,10463,1638581,156.607187231196,30.9922393195068
T2T05,LINE,RTE-X,24921,5694893,228.517836362907,28.4450985112957
T2T05,LTR,DIRS,13193,906408,68.7037065110286,24.6825361934359
T2T05,LTR,ERV1,350300,163970457,468.085803596917,15.8441230373965
T2T05,LTR,ERVK,20856,17501402,839.154296125815,8.7290803605677
T2T05,LTR,ERVL,312409,113146616,362.174636454135,23.1819582662471
T2T05,LTR,ERVL-MaLR,665920,213286701,320.288774927919,20.3149819798174
T2T05,LTR,Gypsy,40221,8481974,210.884214713707,27.8895353173715
T2T05,LTR,Unknown,27236,5699962,209.280437656043,27.1031061829931
T2T05,Low_complexity,Unknown,211906,17009404,80.2686285428445,19.46207044633
T2T05,PLE,Unknown,1354,121836,89.9822747415066,23.7672082717873
T2T05,RC,Helitron,4087,851156,208.25935894299,27.0705896745779
T2T05,Retroposon,SVA,84800,17400949,205.199870283019,23.7374363207547
T2T05,SINE,5S-Deu-L2,3840,416641,108.500260416667,27.5048177083333
T2T05,SINE,Alu,2375896,615211578,258.938765838235,13.0553325145545
T2T05,SINE,MIR,1106287,157056358,141.967100761376,28.2756465546463
T2T05,SINE,tRNA,3049,385059,126.290259101345,29.5309281731715
T2T05,SINE,tRNA-Deu,827,89753,108.528415961306,27.7970979443773
T2T05,SINE,tRNA-Deu-L2,13,757,58.2307692307692,21.1923076923077
T2T05,SINE,tRNA-RTE,8014,1032880,128.884452208635,31.0542800099825
T2T05,Satellite,Unknown,77045,122375150,1588.35940035044,14.4988889609968
T2T05,Satellite,acro,1241,1300487,1047.93473005641,16.2982272360999
T2T05,Satellite,centr,5106,166147706,32539.6995691344,17.9261848805327
T2T05,Satellite,subtelo,371,264300,712.398921832884,11.2797843665768
T2T05,Simple_repeat,Unknown,1431849,134161973,93.698408840597,10.7327665836272
T2T05,Unknown,Unknown,84838,13376060,157.665904429619,17.3297154576958
T2T05,rRNA,Unknown,8051,8917642,1107.64401937647,8.22305303688983
T2T05,scRNA,Unknown,3489,355474,101.884207509315,10.8316136428776
T2T05,snRNA,Unknown,9827,900974,91.6835249821919,13.1103388623181
T2T05,srpRNA,Unknown,4336,585695,135.077260147601,16.4973247232472
T2T05,tRNA,Unknown,3985,231280,58.0376411543287,10.575382685069
T2T06,DNA,Crypton,566,83160,146.925795053004,25.5065371024735
T2T06,DNA,Crypton-A,269,39439,146.613382899628,26.8747211895911
T2T06,DNA,Kolobok,719,118777,165.197496522949,25.0280945757997
T2T06,DNA,MULE-MuDR,5928,1952158,329.311403508772,18.1112516869096
T2T06,DNA,Merlin,443,76317,172.273137697517,21.4155756207675
T2T06,DNA,PIF-Harbinger,717,125957,175.672245467225,26.5609483960948
T2T06,DNA,PiggyBac,4758,1050342,220.752837326608,13.0094367381253
T2T06,DNA,TcMar,303,57415,189.488448844884,26.6782178217822
T2T06,DNA,TcMar-Mariner,32055,5600069,174.701887381064,15.1286008423023
T2T06,DNA,TcMar-Pogo,64,7749,121.078125,24.8125
T2T06,DNA,TcMar-Tc1,1506,256476,170.302788844622,21.853984063745
T2T06,DNA,TcMar-Tc2,15633,3239258,207.206422311776,24.1915755133372
T2T06,DNA,TcMar-Tigger,243055,73188096,301.117426096974,20.1919944045586
T2T06,DNA,Unknown,15171,2165455,142.736470898425,25.7281128468789
T2T06,DNA,hAT,5363,978456,182.445646093604,26.0275219093791
T2T06,DNA,hAT-Ac,7897,1264747,160.155375459035,25.7318348740028
T2T06,DNA,hAT-Blackjack,31798,4649191,146.210170450972,22.2891439713189
T2T06,DNA,hAT-Charlie,496402,90075335,181.456430473689,23.0726199733281
T2T06,DNA,hAT-Tag1,3900,860374,220.608717948718,25.944
T2T06,DNA,hAT-Tip100,123884,24149302,194.934793839398,25.2942155564883
T2T06,DNA,hAT-hAT19,33,3077,93.2424242424242,22.3272727272727
T2T06,LINE,CR1,118478,20711394,174.812150779048,30.0205649994092
T2T06,LINE,Dong-R4,930,199690,214.720430107527,28.6784946236559
T2T06,LINE,I-Jockey,242,28879,119.334710743802,26.6119834710744
T2T06,LINE,L1,1845746,981896583,531.978171969491,19.4737352810192
T2T06,LINE,L1-Tx1,331,91642,276.864048338369,28.0555891238671
T2T06,LINE,L2,951429,200228333,210.450105052505,29.513314603612
T2T06,LINE,RTE-BovB,10427,1640382,157.320609954925,31.0172820562002
T2T06,LINE,RTE-X,24916,5693264,228.49831433617,28.4340704768021
T2T06,LTR,DIRS,13571,931521,68.6405570702233,24.9337558028148
T2T06,LTR,ERV1,351117,164255395,467.808152268332,15.8446833961329
T2T06,LTR,ERVK,20770,17351756,835.423976889745,8.7156234954261
T2T06,LTR,ERVL,313173,113293124,361.758912805382,23.1753267363406
T2T06,LTR,ERVL-MaLR,667333,213649318,320.153983093898,20.3134827739674
T2T06,LTR,Gypsy,40295,8473727,210.292269512346,27.891338875791
T2T06,LTR,Unknown,27277,5703580,209.098507900429,27.093177402207
T2T06,Low_complexity,Unknown,211751,16934145,79.9719717970635,19.4797342161312
T2T06,PLE,Unknown,1399,124083,88.6940671908506,23.626876340243
T2T06,RC,Helitron,4071,849074,208.566445590764,27.0627118644068
T2T06,Retroposon,SVA,84898,17389988,204.833894791397,23.7584371834437
T2T06,SINE,5S-Deu-L2,3827,416590,108.855500391952,27.5747582963157
T2T06,SINE,Alu,2381812,617082795,259.08123521084,13.0576998100606
T2T06,SINE,MIR,1108853,157415831,141.962758814739,28.2750251836808
T2T06,SINE,tRNA,3043,383069,125.885310548801,29.5029576076241
T2T06,SINE,tRNA-Deu,825,89849,108.907878787879,27.897696969697
T2T06,SINE,tRNA-Deu-L2,16,888,55.5,21.675
T2T06,SINE,tRNA-RTE,8002,1030765,128.813421644589,31.0746938265434
T2T06,Satellite,Unknown,69674,116222599,1668.09138272526,15.1916094956512
T2T06,Satellite,acro,1025,947126,924.025365853659,16.5511219512195
T2T06,Satellite,centr,5344,175040018,32754.4943862275,17.5571856287425
T2T06,Satellite,subtelo,370,272288,735.913513513514,11.3827027027027
T2T06,Simple_repeat,Unknown,1419093,137080295,96.5971187230154,10.8220581737772
T2T06,Unknown,Unknown,81610,12940503,158.565163582894,17.7576963607401
T2T06,rRNA,Unknown,8360,8441355,1009.73145933014,8.05184210526316
T2T06,scRNA,Unknown,3520,358900,101.960227272727,10.8925
T2T06,snRNA,Unknown,9784,891190,91.0864677023712,13.1990290269828
T2T06,srpRNA,Unknown,4361,589407,135.154093097913,16.5096537491401
T2T06,tRNA,Unknown,3699,218830,59.1592322249257,10.75033792917
T2T07,DNA,Crypton,576,85220,147.951388888889,25.5791666666667
T2T07,DNA,Crypton-A,275,40149,145.996363636364,26.7058181818182
T2T07,DNA,Kolobok,731,120902,165.392612859097,25.0321477428181
T2T07,DNA,MULE-MuDR,6128,2020179,329.663674934726,18.1228949086162
T2T07,DNA,Merlin,445,76236,171.316853932584,21.3483146067416
T2T07,DNA,PIF-Harbinger,730,128730,176.342465753425,26.5997260273973
T2T07,DNA,PiggyBac,4871,1071833,220.043728187231,13.0182508725108
T2T07,DNA,TcMar,310,59059,190.512903225806,26.711935483871
T2T07,DNA,TcMar-Mariner,33109,5870808,177.317587362953,15.1164335981153
T2T07,DNA,TcMar-Pogo,66,8016,121.454545454545,25.1090909090909
T2T07,DNA,TcMar-Tc1,1542,263922,171.155642023346,21.9732814526589
T2T07,DNA,TcMar-Tc2,15960,3304216,207.031077694236,24.1776441102757
T2T07,DNA,TcMar-Tigger,249349,75107433,301.214093499473,20.198195701607
T2T07,DNA,Unknown,15546,2212715,142.333397658562,25.7224430721729
T2T07,DNA,hAT,5493,1006320,183.200436919716,26.0647551429092
T2T07,DNA,hAT-Ac,7952,1295488,162.913480885312,25.6656690140845
T2T07,DNA,hAT-Blackjack,32635,4756862,145.759521985598,22.2677922475869
T2T07,DNA,hAT-Charlie,509675,92398790,181.289625741894,23.0527226173542
T2T07,DNA,hAT-Tag1,3997,885483,221.536902677008,25.9306479859895
T2T07,DNA,hAT-Tip100,127170,24676317,194.041967445152,25.290731304553
T2T07,DNA,hAT-hAT19,36,3342,92.8333333333333,22.3111111111111
T2T07,LINE,CR1,121932,21335629,174.979734606174,30.0098325296067
T2T07,LINE,Dong-R4,964,210558,218.421161825726,28.696265560166
T2T07,LINE,I-Jockey,232,28135,121.271551724138,26.7560344827586
T2T07,LINE,L1,1911016,1024069641,535.877062777078,19.409549475253
T2T07,LINE,L1-Tx1,333,92993,279.258258258258,28.16996996997
T2T07,LINE,L2,976288,205630204,210.624532924711,29.5096825936609
T2T07,LINE,RTE-BovB,10758,1693970,157.461424056516,30.9952593418851
T2T07,LINE,RTE-X,25486,5838767,229.097033665542,28.4618417954956
T2T07,LTR,DIRS,13600,932644,68.5767647058824,24.8160147058824
T2T07,LTR,ERV1,359173,167885170,467.421465421955,15.778840558728
T2T07,LTR,ERVK,21016,17591092,837.033307955843,8.63038161400837
T2T07,LTR,ERVL,322204,116848065,362.652434482502,23.1508488411069
T2T07,LTR,ERVL-MaLR,687382,220700726,321.074345851361,20.2763704897713
T2T07,LTR,Gypsy,41303,8713451,210.964118829141,27.906948647798
T2T07,LTR,Unknown,27920,5846713,209.409491404011,27.0998925501433
T2T07,Low_complexity,Unknown,213920,16472856,77.0047494390427,19.5123985602094
T2T07,PLE,Unknown,1423,126440,88.854532677442,23.6070274068869
T2T07,RC,Helitron,4167,869218,208.595632349412,27.0316294696424
T2T07,Retroposon,SVA,86839,17982873,207.082912055643,23.6882437614436
T2T07,SINE,5S-Deu-L2,3900,425340,109.061538461538,27.552641025641
T2T07,SINE,Alu,2420055,627251440,259.188919260099,13.0186851125284
T2T07,SINE,MIR,1134855,161193687,142.039015557054,28.2654195469906
T2T07,SINE,tRNA,3111,391346,125.794278367085,29.4511732561877
T2T07,SINE,tRNA-Deu,845,91513,108.299408284024,27.8468639053254
T2T07,SINE,tRNA-Deu-L2,14,800,57.1428571428571,20.8714285714286
T2T07,SINE,tRNA-RTE,8381,1077504,128.565087698365,31.0597661376924
T2T07,Satellite,Unknown,57093,98505496,1725.3515492267,14.417341880791
T2T07,Satellite,acro,1197,1210353,1011.15538847118,16.2263993316625
T2T07,Satellite,centr,4901,190393607,38847.9100183636,16.2929606202816
T2T07,Satellite,subtelo,363,277789,765.258953168044,10.2614325068871
T2T07,Simple_repeat,Unknown,1436143,125373337,87.2986443550538,10.7370967932859
T2T07,Unknown,Unknown,84472,14490815,171.545778482811,17.8125852353443
T2T07,rRNA,Unknown,8219,7595043,924.083586811048,8.14680618080058
T2T07,scRNA,Unknown,3614,368443,101.948810182623,10.8524349750968
T2T07,snRNA,Unknown,10060,919148,91.3666003976143,13.1464015904573
T2T07,srpRNA,Unknown,4475,606448,135.519106145251,16.4935418994413
T2T07,tRNA,Unknown,4119,248022,60.2141296431173,10.2759650400583
T2T08,DNA,Crypton,585,85820,146.700854700855,25.5020512820513
T2T08,DNA,Crypton-A,278,40408,145.352517985612,26.6708633093525
T2T08,DNA,Kolobok,736,121869,165.582880434783,25.013722826087
T2T08,DNA,MULE-MuDR,6049,2000839,330.771863117871,18.1193089766904
T2T08,DNA,Merlin,451,76755,170.188470066519,21.3157427937916
T2T08,DNA,PIF-Harbinger,738,129117,174.955284552846,26.5807588075881
T2T08,DNA,PiggyBac,4838,1067644,220.678792889624,12.9856138900372
T2T08,DNA,TcMar,317,60257,190.085173501577,26.818927444795
T2T08,DNA,TcMar-Mariner,32961,5813844,176.38554655502,15.1269378963017
T2T08,DNA,TcMar-Pogo,63,7621,120.968253968254,24.6936507936508
T2T08,DNA,TcMar-Tc1,1550,262927,169.630322580645,21.8712258064516
T2T08,DNA,TcMar-Tc2,15849,3290382,207.608177172061,24.1662817843397
T2T08,DNA,TcMar-Tigger,248157,74839929,301.582985771105,20.1912724605794
T2T08,DNA,Unknown,15539,2212912,142.410193706159,25.7160692451252
T2T08,DNA,hAT,5458,998177,182.883290582631,26.0698241113961
T2T08,DNA,hAT-Ac,7658,1265494,165.251240532776,25.5032906764168
T2T08,DNA,hAT-Blackjack,32482,4733453,145.725417154116,22.2685641278246
T2T08,DNA,hAT-Charlie,506973,92012806,181.494489844627,23.0529450286307
T2T08,DNA,hAT-Tag1,3993,883076,221.156023040321,25.9221888304533
T2T08,DNA,hAT-Tip100,126238,24372327,193.066485527337,25.3001663524454
T2T08,DNA,hAT-hAT19,32,2972,92.875,21.759375
T2T08,LINE,CR1,121558,21281920,175.076259892397,30.0074392471084
T2T08,LINE,Dong-R4,969,210150,216.87306501548,28.7364293085655
T2T08,LINE,I-Jockey,239,29754,124.493723849372,27.1933054393305
T2T08,LINE,L1,1902230,1019432291,535.914316880714,19.4085963316739
T2T08,LINE,L1-Tx1,343,95632,278.810495626822,28.2655976676385
T2T08,LINE,L2,972375,204869771,210.690084586708,29.5130000257102
T2T08,LINE,RTE-BovB,10748,1689590,157.200409378489,31.0179289170078
T2T08,LINE,RTE-X,25408,5820385,229.076865554156,28.4426715994962
T2T08,LTR,DIRS,13252,906848,68.4310292785995,24.5881300935708
T2T08,LTR,ERV1,355226,166638824,469.106495583094,15.7407284376707
T2T08,LTR,ERVK,20609,17230386,836.0612353826,8.59919452666311
T2T08,LTR,ERVL,320948,116473367,362.904168276481,23.1457628650124
T2T08,LTR,ERVL-MaLR,682529,219242274,321.220452171263,20.2794782346245
T2T08,LTR,Gypsy,41096,8672110,211.020780611252,27.9020610278373
T2T08,LTR,Unknown,27884,5830961,209.114940467652,27.1087075025104
T2T08,Low_complexity,Unknown,209230,15371728,73.4680877503226,19.4475213879463
T2T08,PLE,Unknown,1392,124234,89.2485632183908,23.6960488505747
T2T08,RC,Helitron,4170,867573,208.051079136691,27.0375059952038
T2T08,Retroposon,SVA,85479,17697226,207.035950350378,23.6704921676669
T2T08,SINE,5S-Deu-L2,3911,423941,108.397085144464,27.5292763998977
T2T08,SINE,Alu,2397809,622477002,259.602412869415,13.0015487889152
T2T08,SINE,MIR,1130425,160590898,142.062408386226,28.2677554017294
T2T08,SINE,tRNA,3125,392543,125.61376,29.496352
T2T08,SINE,tRNA-Deu,849,92036,108.405182567727,27.83074204947
T2T08,SINE,tRNA-Deu-L2,13,733,56.3846153846154,21.6692307692308
T2T08,SINE,tRNA-RTE,8340,1072549,128.602997601918,31.0404676258993
T2T08,Satellite,Unknown,57670,106043582,1838.79975723947,14.6445916421016
T2T08,Satellite,acro,1513,1463367,967.195637805684,16.3247191011236
T2T08,Satellite,centr,4769,180910159,37934.6108198784,16.5772069616272
T2T08,Satellite,subtelo,344,272572,792.360465116279,10.5494186046512
T2T08,Simple_repeat,Unknown,1411536,123175249,87.2632713582933,10.7440773030231
T2T08,Unknown,Unknown,84419,13917234,164.859024627157,17.6686681908101
T2T08,rRNA,Unknown,6461,5571488,862.325955734406,9.66000619099211
T2T08,scRNA,Unknown,3597,366012,101.754795663053,10.8356964136781
T2T08,snRNA,Unknown,9923,897528,90.4492592965837,13.2455608183009
T2T08,srpRNA,Unknown,4396,597904,136.010919017288,16.5043903548681
T2T08,tRNA,Unknown,3816,225948,59.2106918238994,10.6832285115304
T2T09,DNA,Crypton,568,83600,147.183098591549,25.5420774647887
T2T09,DNA,Crypton-A,258,37769,146.391472868217,26.7213178294574
T2T09,DNA,Kolobok,718,118359,164.845403899721,24.9735376044568
T2T09,DNA,MULE-MuDR,5946,1957317,329.18213925328,18.1097880928355
T2T09,DNA,Merlin,439,75367,171.678815489749,21.2428246013667
T2T09,DNA,PIF-Harbinger,718,126780,176.573816155989,26.6437325905292
T2T09,DNA,PiggyBac,4793,1057025,220.535155435009,12.9749217609013
T2T09,DNA,TcMar,302,56931,188.513245033113,26.7473509933775
T2T09,DNA,TcMar-Mariner,32042,5637770,175.949378940141,15.1078490730916
T2T09,DNA,TcMar-Pogo,61,7326,120.098360655738,24.5934426229508
T2T09,DNA,TcMar-Tc1,1532,260099,169.777415143603,21.8864882506527
T2T09,DNA,TcMar-Tc2,15608,3232303,207.092708867248,24.1925038441825
T2T09,DNA,TcMar-Tigger,242803,73236365,301.628748409204,20.1910997804805
T2T09,DNA,Unknown,15159,2160528,142.524440926182,25.7154495679134
T2T09,DNA,hAT,5386,982811,182.475120683253,26.0440958039361
T2T09,DNA,hAT-Ac,7472,1231019,164.750936830835,25.5138650963597
T2T09,DNA,hAT-Blackjack,31896,4654222,145.918673187861,22.2858132681214
T2T09,DNA,hAT-Charlie,497058,90173915,181.415277492767,23.0715974795698
T2T09,DNA,hAT-Tag1,3895,861037,221.062130937099,25.9429525032092
T2T09,DNA,hAT-Tip100,123699,23870973,192.976281134043,25.2887113072862
T2T09,DNA,hAT-hAT19,32,2963,92.59375,22.01875
T2T09,LINE,CR1,118713,20751787,174.80635650687,30.0249812573181
T2T09,LINE,Dong-R4,925,199193,215.343783783784,28.6664864864865
T2T09,LINE,I-Jockey,238,28761,120.844537815126,26.7655462184874
T2T09,LINE,L1,1847067,982826760,532.101304392315,19.4634330535925
T2T09,LINE,L1-Tx1,333,91867,275.876876876877,28.0957957957958
T2T09,LINE,L2,951983,200332530,210.437087637069,29.5111815021907
T2T09,LINE,RTE-BovB,10417,1642448,157.669962561198,30.9882307766151
T2T09,LINE,RTE-X,24934,5703668,228.750621641133,28.4420911205583
T2T09,LTR,DIRS,13168,905758,68.7847812879708,24.6078751518834
T2T09,LTR,ERV1,348906,163996192,470.029727204462,15.7956713269477
T2T09,LTR,ERVK,20888,17476896,836.695518958254,8.71458253542704
T2T09,LTR,ERVL,313371,113384085,361.820605608049,23.1756100596418
T2T09,LTR,ERVL-MaLR,668246,214025784,320.279932839104,20.31308769525
T2T09,LTR,Gypsy,40343,8494931,210.567657338324,27.8823191136009
T2T09,LTR,Unknown,27246,5708513,209.517470454379,27.1049401747045
T2T09,Low_complexity,Unknown,206762,15417349,74.5656793801569,19.4621124771476
T2T09,PLE,Unknown,1394,124194,89.0918220946915,23.6417503586801
T2T09,RC,Helitron,4096,852567,208.146240234375,27.0257080078125
T2T09,Retroposon,SVA,84669,17458780,206.20038030448,23.6850441129575
T2T09,SINE,5S-Deu-L2,3842,417446,108.653305570016,27.5440655908381
T2T09,SINE,Alu,2368508,614593722,259.485601061934,13.0307584352681
T2T09,SINE,MIR,1109232,157457564,141.951876613729,28.2754412963203
T2T09,SINE,tRNA,3068,386952,126.125162972621,29.5363428943937
T2T09,SINE,tRNA-Deu,818,89345,109.223716381418,27.8754278728606
T2T09,SINE,tRNA-Deu-L2,13,733,56.3846153846154,21.6692307692308
T2T09,SINE,tRNA-RTE,8012,1032007,128.807663504743,31.0595232151772
T2T09,Satellite,Unknown,62745,112857939,1798.67621324408,14.868241294127
T2T09,Satellite,acro,1253,1190254,949.923383878691,16.3679169992019
T2T09,Satellite,centr,5458,183817344,33678.5166727739,17.4580065958226
T2T09,Satellite,subtelo,376,274585,730.279255319149,11.5712765957447
T2T09,Simple_repeat,Unknown,1393885,127681753,91.6013537702177,10.8076849955341
T2T09,Unknown,Unknown,80692,13074098,162.024711247707,18.0870210181926
T2T09,rRNA,Unknown,6433,5669328,881.288356909684,9.4035286802425
T2T09,scRNA,Unknown,3544,360955,101.84960496614,10.9075620767494
T2T09,snRNA,Unknown,9820,894210,91.0600814663951,13.2254887983707
T2T09,srpRNA,Unknown,4367,589171,134.91435768262,16.5417449049691
T2T09,tRNA,Unknown,4330,253408,58.5237875288684,10.063441108545
T2T10,DNA,Crypton,593,86930,146.593591905565,25.5359190556492
T2T10,DNA,Crypton-A,280,40513,144.689285714286,26.6192857142857
T2T10,DNA,Kolobok,742,122805,165.50539083558,25.0711590296496
T2T10,DNA,MULE-MuDR,6233,2063481,331.057436226536,18.1053425316862
T2T10,DNA,Merlin,454,77802,171.370044052863,21.2103524229075
T2T10,DNA,PIF-Harbinger,746,129310,173.337801608579,26.5229222520107
T2T10,DNA,PiggyBac,4893,1080583,220.842632331903,12.9858164725118
T2T10,DNA,TcMar,314,59709,190.156050955414,26.7773885350318
T2T10,DNA,TcMar-Mariner,33371,5860291,175.61029037188,15.092595367235
T2T10,DNA,TcMar-Pogo,64,7767,121.359375,24.8125
T2T10,DNA,TcMar-Tc1,1561,264963,169.739269698911,21.8486867392697
T2T10,DNA,TcMar-Tc2,16106,3334844,207.056003973674,24.1608406804917
T2T10,DNA,TcMar-Tigger,251733,75924743,301.608223792669,20.188354725046
T2T10,DNA,Unknown,15661,2238066,142.906966349531,25.7175914692548
T2T10,DNA,hAT,5543,1018126,183.677791809489,26.0604005051416
T2T10,DNA,hAT-Ac,7668,1270383,165.673317683881,25.3603286384977
T2T10,DNA,hAT-Blackjack,32933,4798101,145.692800534418,22.2713812892843
T2T10,DNA,hAT-Charlie,514635,93349533,181.389786936372,23.0481593750911
T2T10,DNA,hAT-Tag1,4058,893100,220.083785115821,25.9233859043864
T2T10,DNA,hAT-Tip100,127741,24547725,192.167941381389,25.2905425822563
T2T10,DNA,hAT-hAT19,33,3079,93.3030303030303,22.1090909090909
T2T10,LINE,CR1,123031,21532698,175.018475018491,30.0140387382042
T2T10,LINE,Dong-R4,952,208540,219.054621848739,28.7786764705882
T2T10,LINE,I-Jockey,249,30106,120.907630522088,27.0678714859438
T2T10,LINE,L1,1937604,1038934873,536.195668980865,19.4048844862005
T2T10,LINE,L1-Tx1,341,94914,278.340175953079,28.124633431085
T2T10,LINE,L2,985963,207730715,210.688144484124,29.5108669392259
T2T10,LINE,RTE-BovB,10876,1711656,157.379183523354,31.0242368517837
T2T10,LINE,RTE-X,25800,5895474,228.506744186047,28.4486085271318
T2T10,LTR,DIRS,13310,912312,68.543350864012,24.4830428249437
T2T10,LTR,ERV1,360923,169340106,469.186241940802,15.7414642458364
T2T10,LTR,ERVK,21081,17557714,832.869123855605,8.61241402210521
T2T10,LTR,ERVL,326349,118403175,362.811514666814,23.1374197561506
T2T10,LTR,ERVL-MaLR,693570,222756716,321.174093458483,20.2752904537393
T2T10,LTR,Gypsy,41720,8789511,210.678595397891,27.8898561840844
T2T10,LTR,Unknown,28137,5892718,209.429505633152,27.10502541138
T2T10,Low_complexity,Unknown,210936,15009297,71.1556917738082,19.4546208328593
T2T10,PLE,Unknown,1404,125887,89.6631054131054,23.6099002849003
T2T10,RC,Helitron,4192,870915,207.756440839695,27.0223282442748
T2T10,Retroposon,SVA,86941,18029643,207.377911457195,23.6739938579036
T2T10,SINE,5S-Deu-L2,3951,430829,109.043027081751,27.5614274867122
T2T10,SINE,Alu,2439024,633255226,259.634684201549,13.0037218165955
T2T10,SINE,MIR,1146352,162797971,142.013945978199,28.2651707328988
T2T10,SINE,tRNA,3156,399466,126.573510773131,29.5325728770596
T2T10,SINE,tRNA-Deu,864,93444,108.152777777778,27.8755787037037
T2T10,SINE,tRNA-Deu-L2,12,689,57.4166666666667,21.2
T2T10,SINE,tRNA-RTE,8462,1085635,128.295320255259,31.0461356653273
T2T10,Satellite,Unknown,56858,110391749,1941.53415526399,14.764154560484
T2T10,Satellite,acro,2455,2371621,966.037067209776,16.3654175152749
T2T10,Satellite,centr,4951,179802335,36316.3674005251,16.3154312260149
T2T10,Satellite,subtelo,399,276039,691.827067669173,10.284962406015
T2T10,Simple_repeat,Unknown,1424295,118348015,83.0923474420678,10.7701524613932
T2T10,Unknown,Unknown,88637,15251180,172.063359545111,17.333851551835
T2T10,rRNA,Unknown,6210,4734339,762.373429951691,10.1400161030596
T2T10,scRNA,Unknown,3688,375010,101.683839479393,10.8377982646421
T2T10,snRNA,Unknown,10197,929704,91.1742669412572,13.218289693047
T2T10,srpRNA,Unknown,4511,614704,136.267789847041,16.6000221680337
T2T10,tRNA,Unknown,4045,241274,59.6474660074166,10.8254882571075
T2T11,DNA,Crypton,565,82887,146.702654867257,25.5295575221239
T2T11,DNA,Crypton-A,266,38726,145.586466165414,26.7041353383459
T2T11,DNA,Kolobok,728,119898,164.695054945055,25.0285714285714
T2T11,DNA,MULE-MuDR,6033,1965055,325.717719211006,18.2082214486988
T2T11,DNA,Merlin,441,76026,172.394557823129,21.2852607709751
T2T11,DNA,PIF-Harbinger,723,126821,175.409405255878,26.5022130013831
T2T11,DNA,PiggyBac,4783,1054159,220.397031151997,13.0072339535856
T2T11,DNA,TcMar,302,57190,189.370860927152,26.6688741721854
T2T11,DNA,TcMar-Mariner,32371,5779070,178.526149949028,15.1517469339841
T2T11,DNA,TcMar-Pogo,61,7279,119.327868852459,24.4590163934426
T2T11,DNA,TcMar-Tc1,1505,256631,170.518936877076,21.9047176079734
T2T11,DNA,TcMar-Tc2,15707,3243145,206.47768510855,24.1940090405552
T2T11,DNA,TcMar-Tigger,243709,73504737,301.608627502472,20.1891222728746
T2T11,DNA,Unknown,15178,2168133,142.847081301884,25.7218737646594
T2T11,DNA,hAT,5380,982778,182.67249070632,26.0574163568773
T2T11,DNA,hAT-Ac,7523,1234179,164.054100757676,25.5428419513492
T2T11,DNA,hAT-Blackjack,31940,4670340,146.22229179712,22.2850187852223
T2T11,DNA,hAT-Charlie,498368,90412236,181.416615834082,23.0686775635675
T2T11,DNA,hAT-Tag1,3904,867309,222.159067622951,25.9829661885246
T2T11,DNA,hAT-Tip100,123923,23969130,193.419542780598,25.2921281763676
T2T11,DNA,hAT-hAT19,33,3080,93.3333333333333,22.3212121212121
T2T11,LINE,CR1,118921,20778117,174.722017137427,30.0165033930088
T2T11,LINE,Dong-R4,924,199644,216.064935064935,28.6396103896104
T2T11,LINE,I-Jockey,243,29193,120.135802469136,26.7111111111111
T2T11,LINE,L1,1854898,986514953,531.843235045808,19.4718255127775
T2T11,LINE,L1-Tx1,339,93290,275.191740412979,28.2507374631268
T2T11,LINE,L2,954816,200891096,210.397705945439,29.5123408070246
T2T11,LINE,RTE-BovB,10466,1642456,156.932543474107,30.9746703611695
T2T11,LINE,RTE-X,25023,5718572,228.532629980418,28.436150741318
T2T11,LTR,DIRS,13184,901910,68.4094356796116,24.6117870145631
T2T11,LTR,ERV1,351047,164634667,468.981837189892,15.8123709930579
T2T11,LTR,ERVK,20948,17465731,833.766039717395,8.71609700210044
T2T11,LTR,ERVL,314553,113778136,361.713720740225,23.1796066163731
T2T11,LTR,ERVL-MaLR,670328,214546439,320.061878662386,20.3113013330787
T2T11,LTR,Gypsy,40364,8499610,210.574026360123,27.8864755722921
T2T11,LTR,Unknown,27342,5719446,209.181698485846,27.0995208836223
T2T11,Low_complexity,Unknown,206975,15263443,73.745346056287,19.4493861577485
T2T11,PLE,Unknown,1416,126718,89.4901129943503,23.7155367231638
T2T11,RC,Helitron,4100,855581,208.678292682927,27.0704146341463
T2T11,Retroposon,SVA,85004,17460350,205.406216178062,23.7124264740483
T2T11,SINE,5S-Deu-L2,3845,416733,108.383094928479,27.4921196358908
T2T11,SINE,Alu,2382965,618141189,259.400028535879,13.0479472421962
T2T11,SINE,MIR,1112662,157939449,141.947373955433,28.2758286883168
T2T11,SINE,tRNA,3043,383037,125.874794610582,29.4914229378902
T2T11,SINE,tRNA-Deu,833,90413,108.539015606243,27.9060024009604
T2T11,SINE,tRNA-Deu-L2,12,689,57.4166666666667,21.2
T2T11,SINE,tRNA-RTE,8041,1033485,128.526924511877,31.0269369481408
T2T11,Satellite,Unknown,73874,133950478,1813.2289844871,14.6447830089071
T2T11,Satellite,acro,1331,1271516,955.308790383171,16.4921863260706
T2T11,Satellite,centr,5678,183518177,32320.9188094399,17.4829341317365
T2T11,Satellite,subtelo,399,290507,728.087719298246,10.9077694235589
T2T11,Simple_repeat,Unknown,1410239,142219401,100.847729356513,10.8566352937339
T2T11,Unknown,Unknown,86167,13594530,157.769563754105,17.1575162185059
T2T11,rRNA,Unknown,6532,6011232,920.274341702388,9.4905695039804
T2T11,scRNA,Unknown,3534,360206,101.925863044709,10.8471986417657
T2T11,snRNA,Unknown,9749,881045,90.3728587547441,13.2996922761309
T2T11,srpRNA,Unknown,4411,592590,134.343686238948,16.5291997279528
T2T11,tRNA,Unknown,4185,244003,58.3041816009558,10.3030346475508
T2T12,DNA,Crypton,585,85359,145.912820512821,25.5492307692308
T2T12,DNA,Crypton-A,273,39685,145.3663003663,26.6655677655678
T2T12,DNA,Kolobok,733,121443,165.679399727149,24.9990450204638
T2T12,DNA,MULE-MuDR,6065,2001254,329.967683429514,18.1101896125309
T2T12,DNA,Merlin,452,76710,169.712389380531,21.2940265486726
T2T12,DNA,PIF-Harbinger,734,128697,175.33651226158,26.6042234332425
T2T12,DNA,PiggyBac,4843,1068139,220.553169523023,12.9901094362998
T2T12,DNA,TcMar,310,59035,190.435483870968,26.6561290322581
T2T12,DNA,TcMar-Mariner,32839,5784858,176.158165595786,15.1118487164652
T2T12,DNA,TcMar-Pogo,64,7701,120.328125,24.7046875
T2T12,DNA,TcMar-Tc1,1529,259844,169.943754087639,21.8842380640942
T2T12,DNA,TcMar-Tc2,15851,3289094,207.500725506277,24.1651315374424
T2T12,DNA,TcMar-Tigger,247908,74684791,301.26010858867,20.1968883618116
T2T12,DNA,Unknown,15542,2210809,142.247394157766,25.7267854844936
T2T12,DNA,hAT,5457,995186,182.368700751329,26.0630932746931
T2T12,DNA,hAT-Ac,7964,1293311,162.394650929181,25.7393144148669
T2T12,DNA,hAT-Blackjack,32431,4727778,145.779593598717,22.2665690234652
T2T12,DNA,hAT-Charlie,505440,91757844,181.540527065527,23.0535139680279
T2T12,DNA,hAT-Tag1,3978,880834,221.426344896933,25.9241075917547
T2T12,DNA,hAT-Tip100,126336,24616279,194.847699784701,25.3025353026849
T2T12,DNA,hAT-hAT19,34,3196,94.0,22.3117647058824
T2T12,LINE,CR1,121231,21221055,175.046440266928,30.0051777185703
T2T12,LINE,Dong-R4,956,207876,217.443514644351,28.7323221757322
T2T12,LINE,I-Jockey,239,28766,120.359832635983,26.5539748953975
T2T12,LINE,L1,1897769,1017373704,536.089325940091,19.4115824950244
T2T12,LINE,L1-Tx1,343,94391,275.192419825073,28.1279883381924
T2T12,LINE,L2,969839,204425840,210.783274337287,29.5128302738908
T2T12,LINE,RTE-BovB,10741,1694401,157.750768084908,31.022502560283
T2T12,LINE,RTE-X,25326,5796060,228.858090499882,28.4304035378662
T2T12,LTR,DIRS,13664,936294,68.52268735363,24.8535201990632
T2T12,LTR,ERV1,357014,166726171,467.001773039713,15.8005285507011
T2T12,LTR,ERVK,20607,17235593,836.395059931091,8.58632018246227
T2T12,LTR,ERVL,319782,116050167,362.904000225153,23.1562686455148
T2T12,LTR,ERVL-MaLR,680694,218655548,321.224438587677,20.27754453543
T2T12,LTR,Gypsy,41110,8662756,210.721381658964,27.9088883483337
T2T12,LTR,Unknown,27730,5799724,209.149801658853,27.0996574107465
T2T12,Low_complexity,Unknown,212403,16400093,77.2121533123355,19.4796693078723
T2T12,PLE,Unknown,1408,125710,89.2826704545455,23.5865767045455
T2T12,RC,Helitron,4149,864443,208.349722824777,27.0671969149193
T2T12,Retroposon,SVA,85439,17665300,206.759208324067,23.7043165299219
T2T12,SINE,5S-Deu-L2,3869,422099,109.097699663996,27.5413543551305
T2T12,SINE,Alu,2398159,621713760,259.246263487951,13.0190429408559
T2T12,SINE,MIR,1127656,160203825,142.067993253262,28.2683882318721
T2T12,SINE,tRNA,3126,394398,126.166986564299,29.5029430582214
T2T12,SINE,tRNA-Deu,827,90452,109.373639661427,27.9291414752116
T2T12,SINE,tRNA-Deu-L2,14,801,57.2142857142857,21.6285714285714
T2T12,SINE,tRNA-RTE,8344,1071227,128.38290987536,31.0443911792905
T2T12,Satellite,Unknown,59806,100775999,1685.04830619001,14.4731147376517
T2T12,Satellite,acro,1317,1298499,985.952164009112,16.3971905846621
T2T12,Satellite,centr,4683,177902799,37989.066623959,16.4862267777066
T2T12,Satellite,subtelo,328,256416,781.756097560976,10.7637195121951
T2T12,Simple_repeat,Unknown,1430829,120969199,84.5448331002517,10.686161449062
T2T12,Unknown,Unknown,106726,15126287,141.730103255064,14.5017577722392
T2T12,rRNA,Unknown,7394,7992772,1080.98079523938,8.75516635109548
T2T12,scRNA,Unknown,3583,365052,101.884454367848,10.8217415573542
T2T12,snRNA,Unknown,9865,892514,90.4727825646224,13.2429599594526
T2T12,srpRNA,Unknown,4388,592642,135.059708295351,16.5213309024613
T2T12,tRNA,Unknown,4051,234186,57.8094297704271,10.6939027400642
T2T13,DNA,Crypton,583,85573,146.780445969125,25.5012006861063
T2T13,DNA,Crypton-A,275,39916,145.149090909091,26.6407272727273
T2T13,DNA,Kolobok,731,121290,165.923392612859,25.1227086183311
T2T13,DNA,MULE-MuDR,6114,2023536,330.967615309127,18.0956820412169
T2T13,DNA,Merlin,442,76187,172.368778280543,21.4328054298643
T2T13,DNA,PIF-Harbinger,727,128096,176.198074277854,26.6519944979367
T2T13,DNA,PiggyBac,4849,1070973,220.864714374098,12.9800164982471
T2T13,DNA,TcMar,313,59100,188.817891373802,26.6670926517572
T2T13,DNA,TcMar-Mariner,32965,5798072,175.885696951312,15.1361110268467
T2T13,DNA,TcMar-Pogo,65,7687,118.261538461538,24.6261538461538
T2T13,DNA,TcMar-Tc1,1572,264538,168.281170483461,21.7897582697201
T2T13,DNA,TcMar-Tc2,15899,3297646,207.412164287062,24.1733882634128
T2T13,DNA,TcMar-Tigger,248633,74983457,301.582883205367,20.1954728455193
T2T13,DNA,Unknown,15506,2208074,142.401264026828,25.7126015735844
T2T13,DNA,hAT,5462,997531,182.631087513731,26.063218601245
T2T13,DNA,hAT-Ac,7775,1275140,164.005144694534,25.5645659163987
T2T13,DNA,hAT-Blackjack,32559,4749779,145.882213827206,22.264228016831
T2T13,DNA,hAT-Charlie,508068,92172588,181.417818087343,23.0528084823291
T2T13,DNA,hAT-Tag1,3990,878343,220.136090225564,25.893007518797
T2T13,DNA,hAT-Tip100,126687,24511609,193.481643736137,25.2950650027232
T2T13,DNA,hAT-hAT19,34,3196,94.0,22.4294117647059
T2T13,LINE,CR1,121710,21306643,175.060742749158,30.008028099581
T2T13,LINE,Dong-R4,959,208241,217.143899895725,28.729614181439
T2T13,LINE,I-Jockey,238,28936,121.579831932773,26.9075630252101
T2T13,LINE,L1,1909464,1024038215,536.29616216907,19.4097694431526
T2T13,LINE,L1-Tx1,352,95431,271.110795454545,28.0326704545455
T2T13,LINE,L2,974383,205235727,210.63147345551,29.513061291094
T2T13,LINE,RTE-BovB,10731,1694667,157.922560805144,31.0277886497065
T2T13,LINE,RTE-X,25454,5825478,228.862968492182,28.4361986328278
T2T13,LTR,DIRS,13377,915950,68.4720041862899,24.6167974882261
T2T13,LTR,ERV1,357931,167585937,468.207383545991,15.76431435109
T2T13,LTR,ERVK,20729,17279237,833.577934294949,8.61252351777703
T2T13,LTR,ERVL,321590,116674319,362.804561709008,23.1525457881153
T2T13,LTR,ERVL-MaLR,684911,220077651,321.322990870347,20.2766639753194
T2T13,LTR,Gypsy,41251,8695034,210.783593125015,27.896080095028
T2T13,LTR,Unknown,27905,5829551,208.907041748791,27.102307830138
T2T13,Low_complexity,Unknown,212193,15845086,74.6729910977271,19.451958358664
T2T13,PLE,Unknown,1387,124623,89.8507570295602,23.7193222782985
T2T13,RC,Helitron,4146,863178,208.195369030391,27.0191992281717
T2T13,Retroposon,SVA,85662,17761898,207.34862599519,23.6576218159744
T2T13,SINE,5S-Deu-L2,3896,424357,108.921201232033,27.5264117043121
T2T13,SINE,Alu,2409372,625066283,259.431205724977,13.0105013671612
T2T13,SINE,MIR,1132809,160922194,142.055892917517,28.2688470871965
T2T13,SINE,tRNA,3128,394783,126.209398976982,29.4954923273657
T2T13,SINE,tRNA-Deu,844,91134,107.978672985782,27.8841232227488
T2T13,SINE,tRNA-Deu-L2,13,758,58.3076923076923,22.0076923076923
T2T13,SINE,tRNA-RTE,8352,1074859,128.694803639847,31.0570881226054
T2T13,Satellite,Unknown,66138,107542801,1626.03648432066,14.2058997852974
T2T13,Satellite,acro,971,948744,977.07929969104,16.1524201853759
T2T13,Satellite,centr,5080,185082939,36433.6494094488,16.5488582677165
T2T13,Satellite,subtelo,360,275850,766.25,10.4691666666667
T2T13,Simple_repeat,Unknown,1430312,121273446,84.7881063711973,10.6834740252476
T2T13,Unknown,Unknown,83061,12818642,154.328048061064,17.9976210255114
T2T13,rRNA,Unknown,6804,6248806,918.401822457378,9.46781305114638
T2T13,scRNA,Unknown,3622,369272,101.952512424075,10.8299006073992
T2T13,snRNA,Unknown,10000,905586,90.5586,13.22769
T2T13,srpRNA,Unknown,4403,603264,137.012037247331,16.5293209175562
T2T13,tRNA,Unknown,3772,222756,59.0551431601273,10.8417285259809
T2T15,DNA,Crypton,583,85711,147.017152658662,25.6061749571184
T2T15,DNA,Crypton-A,271,39558,145.970479704797,26.7988929889299
T2T15,DNA,Kolobok,733,121070,165.170532060027,25.0163710777626
T2T15,DNA,MULE-MuDR,6055,2001130,330.4921552436,18.1094302229562
T2T15,DNA,Merlin,443,75963,171.474040632054,21.2250564334086
T2T15,DNA,PIF-Harbinger,729,128508,176.279835390946,26.5500685871056
T2T15,DNA,PiggyBac,4864,1070077,219.999383223684,13.0004728618421
T2T15,DNA,TcMar,311,59401,191.0,26.6916398713826
T2T15,DNA,TcMar-Mariner,32761,5735692,175.076829156619,15.10423979732
T2T15,DNA,TcMar-Pogo,65,7799,119.984615384615,24.8430769230769
T2T15,DNA,TcMar-Tc1,1533,261600,170.645792563601,21.8889758643183
T2T15,DNA,TcMar-Tc2,15871,3288197,207.182723205847,24.1712998550816
T2T15,DNA,TcMar-Tigger,248038,74774696,301.464678799216,20.1943073238778
T2T15,DNA,Unknown,15575,2221721,142.646613162119,25.7128282504013
T2T15,DNA,hAT,5485,999691,182.259070191431,26.0664904284412
T2T15,DNA,hAT-Ac,7963,1292921,162.3660680648,25.695391184227
T2T15,DNA,hAT-Blackjack,32500,4734647,145.681446153846,22.2503876923077
T2T15,DNA,hAT-Charlie,506489,91912017,181.468930223559,23.0564110967859
T2T15,DNA,hAT-Tag1,3994,882778,221.026039058588,25.8970455683525
T2T15,DNA,hAT-Tip100,126520,24614202,194.54791337338,25.3027790072716
T2T15,DNA,hAT-hAT19,34,3180,93.5294117647059,22.2823529411765
T2T15,LINE,CR1,121539,21277203,175.06481870017,30.0133413965887
T2T15,LINE,Dong-R4,959,208578,217.495307612096,28.7064650677789
T2T15,LINE,I-Jockey,240,28982,120.758333333333,26.7529166666667
T2T15,LINE,L1,1901617,1019491916,536.118427632904,19.4117071418693
T2T15,LINE,L1-Tx1,340,93147,273.961764705882,28.0729411764706
T2T15,LINE,L2,971228,204665463,210.728544687756,29.5145309855152
T2T15,LINE,RTE-BovB,10739,1692550,157.607784709936,31.007505354316
T2T15,LINE,RTE-X,25388,5810049,228.850204821175,28.4375059083031
T2T15,LTR,DIRS,13644,936435,68.6334652594547,24.8550938141308
T2T15,LTR,ERV1,357143,166831239,467.127282349087,15.785992445603
T2T15,LTR,ERVK,20573,17141087,833.183638749818,8.60069508579206
T2T15,LTR,ERVL,320623,116379005,362.97771837953,23.1511426192132
T2T15,LTR,ERVL-MaLR,682137,219148282,321.267255697902,20.2798134392358
T2T15,LTR,Gypsy,41064,8654230,210.749805182155,27.8911041301383
T2T15,LTR,Unknown,27801,5812520,209.075932520413,27.0897305852307
T2T15,Low_complexity,Unknown,213885,17073711,79.8265937302756,19.5242564929752
T2T15,PLE,Unknown,1403,125968,89.7847469707769,23.6536707056308
T2T15,RC,Helitron,4161,864703,207.811343427061,27.0561884162461
T2T15,Retroposon,SVA,85405,17613653,206.23678941514,23.7266272466483
T2T15,SINE,5S-Deu-L2,3913,424754,108.549450549451,27.5073089700997
T2T15,SINE,Alu,2402961,622836396,259.195382696598,13.0172777668884
T2T15,SINE,MIR,1128926,160388981,142.072182764858,28.2686466606314
T2T15,SINE,tRNA,3114,393842,126.474630700064,29.5029222864483
T2T15,SINE,tRNA-Deu,845,90995,107.686390532544,27.8578698224852
T2T15,SINE,tRNA-Deu-L2,14,800,57.1428571428571,20.8714285714286
T2T15,SINE,tRNA-RTE,8331,1071450,128.610010803025,31.0324930980675
T2T15,Satellite,Unknown,71951,113052944,1571.249100082,14.1085905685814
T2T15,Satellite,acro,1349,1303942,966.598962194218,16.2782802075612
T2T15,Satellite,centr,4862,164624549,33859.4300699301,16.0961127108186
T2T15,Satellite,subtelo,347,264875,763.328530259366,10.8138328530259
T2T15,Simple_repeat,Unknown,1444662,124406029,86.1142807106438,10.6341182228092
T2T15,Unknown,Unknown,87537,13873355,158.48561179844,17.2639455316038
T2T15,rRNA,Unknown,7342,7706705,1049.67379460637,8.92105693271588
T2T15,scRNA,Unknown,3609,368071,101.98697700194,10.8455804932114
T2T15,snRNA,Unknown,9912,895510,90.3460451977401,13.2444612590799
T2T15,srpRNA,Unknown,4380,597129,136.330821917808,16.4875114155251
T2T15,tRNA,Unknown,4082,236194,57.8623223909848,10.6820676139147
T2T16,DNA,Crypton,585,85249,145.724786324786,25.4974358974359
T2T16,DNA,Crypton-A,274,39787,145.20802919708,26.7164233576642
T2T16,DNA,Kolobok,727,120575,165.852819807428,25.0178817056396
T2T16,DNA,MULE-MuDR,6134,2025291,330.174600586893,18.1395337463319
T2T16,DNA,Merlin,444,76312,171.873873873874,21.3547297297297
T2T16,DNA,PIF-Harbinger,739,129045,174.621109607578,26.5914749661705
T2T16,DNA,PiggyBac,4871,1073401,220.365633340177,12.9755696982139
T2T16,DNA,TcMar,315,59978,190.406349206349,26.8152380952381
T2T16,DNA,TcMar-Mariner,32964,5785764,175.517655624317,15.1209137240626
T2T16,DNA,TcMar-Pogo,65,7768,119.507692307692,25.0630769230769
T2T16,DNA,TcMar-Tc1,1550,264428,170.598709677419,21.8914193548387
T2T16,DNA,TcMar-Tc2,15936,3296965,206.887863955823,24.1783571787149
T2T16,DNA,TcMar-Tigger,248421,74952815,301.716903965446,20.1934345325073
T2T16,DNA,Unknown,15485,2204886,142.388505004843,25.7325476267355
T2T16,DNA,hAT,5465,1000624,183.096797804209,26.0787740164684
T2T16,DNA,hAT-Ac,7527,1257215,167.027368141358,25.4411186395642
T2T16,DNA,hAT-Blackjack,32561,4739157,145.547034796229,22.2639968059949
T2T16,DNA,hAT-Charlie,508463,92241579,181.412568859484,23.0532620859335
T2T16,DNA,hAT-Tag1,4009,882855,220.218258917436,25.9194562234971
T2T16,DNA,hAT-Tip100,126419,24322250,192.393943948299,25.2836005663706
T2T16,DNA,hAT-hAT19,33,3079,93.3030303030303,22.0515151515152
T2T16,LINE,CR1,121535,21288408,175.162776155017,30.0162027399515
T2T16,LINE,Dong-R4,955,206997,216.750785340314,28.6880628272251
T2T16,LINE,I-Jockey,242,29088,120.198347107438,26.7615702479339
T2T16,LINE,L1,1907493,1022552691,536.071530013478,19.4077088618412
T2T16,LINE,L1-Tx1,347,94697,272.902017291066,28.0253602305476
T2T16,LINE,L2,973885,205192701,210.695000949804,29.5128595265355
T2T16,LINE,RTE-BovB,10741,1690462,157.384042454148,30.983241783819
T2T16,LINE,RTE-X,25491,5825433,228.529010238908,28.4262406339492
T2T16,LTR,DIRS,13092,897252,68.5343721356554,24.4906660556065
T2T16,LTR,ERV1,355814,167076402,469.56106842339,15.7325526820193
T2T16,LTR,ERVK,20801,17436366,838.246526609298,8.58978414499303
T2T16,LTR,ERVL,321476,116631372,362.799624233224,23.1525084298672
T2T16,LTR,ERVL-MaLR,683906,219690029,321.228398347141,20.2758778253152
T2T16,LTR,Gypsy,41230,8690006,210.769003153044,27.8864637399952
T2T16,LTR,Unknown,27855,5827456,209.206821037516,27.0973864656256
T2T16,Low_complexity,Unknown,208517,14789897,70.9289746159786,19.4427240944383
T2T16,PLE,Unknown,1410,125691,89.1425531914894,23.6887943262411
T2T16,RC,Helitron,4166,865389,207.726596255401,27.0142822851656
T2T16,Retroposon,SVA,85735,17703864,206.495176998892,23.6829917769872
T2T16,SINE,5S-Deu-L2,3909,424175,108.512407265285,27.5157585060118
T2T16,SINE,Alu,2401641,623800806,259.739405681365,12.9993091390428
T2T16,SINE,MIR,1132479,160856671,142.039429428713,28.2654037734916
T2T16,SINE,tRNA,3137,394996,125.915205610456,29.4758049091489
T2T16,SINE,tRNA-Deu,851,91951,108.050528789659,27.7579318448884
T2T16,SINE,tRNA-Deu-L2,13,732,56.3076923076923,20.8538461538462
T2T16,SINE,tRNA-RTE,8370,1073903,128.303823178017,31.0325448028674
T2T16,Satellite,Unknown,52220,94400645,1807.74885101494,14.7687476062811
T2T16,Satellite,acro,1363,1361026,998.551724137931,16.2325018341893
T2T16,Satellite,centr,4987,179214946,35936.4239021456,16.4295969520754
T2T16,Satellite,subtelo,356,269462,756.915730337079,10.6148876404494
T2T16,Simple_repeat,Unknown,1401974,117403186,83.7413432774074,10.7705784130091
T2T16,Unknown,Unknown,83209,13782099,165.632311408622,17.9392842120444
T2T16,rRNA,Unknown,6259,4700136,750.940405815625,9.79821057676945
T2T16,scRNA,Unknown,3625,369883,102.036689655172,10.8055172413793
T2T16,snRNA,Unknown,9976,903731,90.5905172413793,13.2317963111468
T2T16,srpRNA,Unknown,4437,597730,134.714897453234,16.5388100067613
T2T16,tRNA,Unknown,3824,226519,59.236140167364,10.6674947698745
T2T17,DNA,Crypton,565,83376,147.56814159292,25.5269026548673
T2T17,DNA,Crypton-A,266,38670,145.375939849624,26.6281954887218
T2T17,DNA,Kolobok,721,118179,163.909847434119,25.0185852981969
T2T17,DNA,MULE-MuDR,5869,1942373,330.954677117056,18.0746123700801
T2T17,DNA,Merlin,441,76080,172.517006802721,21.4678004535147
T2T17,DNA,PIF-Harbinger,716,125092,174.709497206704,26.5828212290503
T2T17,DNA,PiggyBac,4746,1045654,220.323219553308,12.9988621997472
T2T17,DNA,TcMar,305,57794,189.488524590164,26.7593442622951
T2T17,DNA,TcMar-Mariner,32037,5629247,175.710803133876,15.1403627056216
T2T17,DNA,TcMar-Pogo,59,7304,123.796610169492,24.6949152542373
T2T17,DNA,TcMar-Tc1,1508,256914,170.367374005305,21.8958222811671
T2T17,DNA,TcMar-Tc2,15558,3227129,207.42569739041,24.2006684663839
T2T17,DNA,TcMar-Tigger,242434,73076364,301.427869028272,20.1930257307143
T2T17,DNA,Unknown,15139,2155931,142.409075896691,25.7095845168109
T2T17,DNA,hAT,5353,978720,182.835793013264,26.0457500467028
T2T17,DNA,hAT-Ac,7906,1266736,160.224639514293,25.7854161396408
T2T17,DNA,hAT-Blackjack,31776,4643321,146.126667925478,22.2844882930514
T2T17,DNA,hAT-Charlie,494833,89823315,181.522483342865,23.0702301584575
T2T17,DNA,hAT-Tag1,3930,867239,220.671501272265,25.9539440203562
T2T17,DNA,hAT-Tip100,123723,24145562,195.158232503253,25.2928994608925
T2T17,DNA,hAT-hAT19,31,2856,92.1290322580645,21.7516129032258
T2T17,LINE,CR1,118153,20690188,175.11352229736,30.0215838785304
T2T17,LINE,Dong-R4,922,199435,216.30694143167,28.7043383947939
T2T17,LINE,I-Jockey,233,28220,121.115879828326,26.8587982832618
T2T17,LINE,L1,1840588,979829304,532.345806883452,19.4706528022567
T2T17,LINE,L1-Tx1,341,93113,273.058651026393,28.0695014662757
T2T17,LINE,L2,948835,199645237,210.410911275406,29.5141699030917
T2T17,LINE,RTE-BovB,10435,1644220,157.567800670819,31.0238045040728
T2T17,LINE,RTE-X,24909,5691385,228.487093018588,28.4351318800434
T2T17,LTR,DIRS,13435,922563,68.6686267212505,24.9032824711574
T2T17,LTR,ERV1,349460,163716963,468.485557717621,15.8350377725634
T2T17,LTR,ERVK,20665,17315062,837.893152673603,8.72052746189209
T2T17,LTR,ERVL,312374,113058389,361.932776095322,23.1788785238208
T2T17,LTR,ERVL-MaLR,665760,213177069,320.201076964672,20.3152030761836
T2T17,LTR,Gypsy,40165,8448972,210.356579111166,27.8846657537657
T2T17,LTR,Unknown,27188,5687622,209.196042371635,27.0949279093718
T2T17,Low_complexity,Unknown,210350,16609578,78.9616258616592,19.4959667221298
T2T17,PLE,Unknown,1378,124146,90.0914368650218,23.7140783744557
T2T17,RC,Helitron,4074,848608,208.298478154148,27.053264604811
T2T17,Retroposon,SVA,84388,17359458,205.710029862066,23.7197409584301
T2T17,SINE,5S-Deu-L2,3817,413715,108.387477076238,27.5455069426251
T2T17,SINE,Alu,2371099,614308869,259.081914757671,13.0539475998261
T2T17,SINE,MIR,1105611,156965037,141.971305459153,28.2768067611484
T2T17,SINE,tRNA,3046,383905,126.035784635588,29.5192055154301
T2T17,SINE,tRNA-Deu,830,90116,108.573493975904,27.8593975903614
T2T17,SINE,tRNA-Deu-L2,13,734,56.4615384615385,22.4846153846154
T2T17,SINE,tRNA-RTE,8010,1030537,128.656304619226,31.0773283395755
T2T17,Satellite,Unknown,82975,121119590,1459.71184091594,14.3979511901175
T2T17,Satellite,acro,1359,1296341,953.893303899926,16.3704194260486
T2T17,Satellite,centr,5176,177205014,34235.8991499227,17.5299265842349
T2T17,Satellite,subtelo,352,270883,769.553977272727,11.1744318181818
T2T17,Simple_repeat,Unknown,1434445,139235577,97.0658177901557,10.7167570732932
T2T17,Unknown,Unknown,87903,14044652,159.77443318203,16.6976519572711
T2T17,rRNA,Unknown,7805,8330200,1067.29019859065,8.31203074951954
T2T17,scRNA,Unknown,3513,357855,101.865926558497,10.889097637347
T2T17,snRNA,Unknown,9705,882014,90.8824317362185,13.2028748068006
T2T17,srpRNA,Unknown,4348,585039,134.553587856486,16.5258739650414
T2T17,tRNA,Unknown,3890,224301,57.6609254498715,10.7882005141388
T2T18,DNA,Crypton,566,83338,147.240282685512,25.5010600706714
T2T18,DNA,Crypton-A,265,38853,146.615094339623,26.8283018867925
T2T18,DNA,Kolobok,714,118195,165.539215686275,24.9928571428571
T2T18,DNA,MULE-MuDR,5888,1931925,328.112262228261,18.1111922554348
T2T18,DNA,Merlin,437,75653,173.118993135011,21.450114416476
T2T18,DNA,PIF-Harbinger,729,128075,175.685871056241,26.5798353909465
T2T18,DNA,PiggyBac,4760,1049714,220.528151260504,13.011974789916
T2T18,DNA,TcMar,298,56724,190.348993288591,26.6973154362416
T2T18,DNA,TcMar-Mariner,32048,5640093,175.988922865701,15.1410790064903
T2T18,DNA,TcMar-Pogo,61,7473,122.508196721311,24.7508196721311
T2T18,DNA,TcMar-Tc1,1506,257228,170.802124833997,21.9263612217795
T2T18,DNA,TcMar-Tc2,15604,3232947,207.187067418611,24.189483465778
T2T18,DNA,TcMar-Tigger,242354,73020234,301.295765698111,20.1977656651015
T2T18,DNA,Unknown,15108,2150724,142.356632247816,25.7265356102727
T2T18,DNA,hAT,5371,979795,182.423198659468,26.0596723142804
T2T18,DNA,hAT-Ac,7972,1273035,159.688283993979,25.8602860010035
T2T18,DNA,hAT-Blackjack,31754,4645973,146.311425332242,22.2947061787491
T2T18,DNA,hAT-Charlie,495023,89829439,181.465182425867,23.068671758686
T2T18,DNA,hAT-Tag1,3912,866640,221.533742331288,25.9672290388548
T2T18,DNA,hAT-Tip100,123779,24240765,195.839076095299,25.2925068064858
T2T18,DNA,hAT-hAT19,32,2970,92.8125,22.04375
T2T18,LINE,CR1,118371,20693156,174.816095158443,30.0185222731919
T2T18,LINE,Dong-R4,923,198974,215.573131094258,28.709534127844
T2T18,LINE,I-Jockey,234,28205,120.534188034188,26.9811965811966
T2T18,LINE,L1,1839837,978547078,531.866180536645,19.4724498963767
T2T18,LINE,L1-Tx1,338,92735,274.363905325444,28.1997041420118
T2T18,LINE,L2,948995,199690345,210.422968508791,29.5128029125549
T2T18,LINE,RTE-BovB,10401,1639728,157.650995096625,31.0209979809634
T2T18,LINE,RTE-X,24889,5701031,229.058258668488,28.4585800956246
T2T18,LTR,DIRS,13501,927357,68.6880231093993,24.9558477149841
T2T18,LTR,ERV1,350606,163829672,467.275722606002,15.8557503294296
T2T18,LTR,ERVK,20726,17339599,836.610971726334,8.70408182958603
T2T18,LTR,ERVL,312281,112959447,361.723726387452,23.1765506066652
T2T18,LTR,ERVL-MaLR,665388,213078750,320.23233061011,20.3134405790306
T2T18,LTR,Gypsy,40185,8464061,210.627373398034,27.8939031977106
T2T18,LTR,Unknown,27169,5688465,209.3733667047,27.1011483676249
T2T18,Low_complexity,Unknown,213201,17430697,81.7571071430246,19.5052814011191
T2T18,PLE,Unknown,1386,123900,89.3939393939394,23.70670995671
T2T18,RC,Helitron,4079,851532,208.759990193675,27.0599166462368
T2T18,Retroposon,SVA,84365,17285853,204.893652581047,23.7301677235821
T2T18,SINE,5S-Deu-L2,3818,415363,108.790728129911,27.5371660555265
T2T18,SINE,Alu,2375631,615476033,259.078970176766,13.0609812719231
T2T18,SINE,MIR,1106033,157034519,141.979958102516,28.2770123495411
T2T18,SINE,tRNA,3043,383760,126.112389089714,29.5137693066053
T2T18,SINE,tRNA-Deu,830,89952,108.375903614458,27.8151807228916
T2T18,SINE,tRNA-Deu-L2,13,734,56.4615384615385,22.4846153846154
T2T18,SINE,tRNA-RTE,8000,1030532,128.8165,31.0607875
T2T18,Satellite,Unknown,81315,139383296,1714.11542765787,14.5651503412654
T2T18,Satellite,acro,1595,1508615,945.840125391849,16.4551724137931
T2T18,Satellite,centr,4947,171064583,34579.458863958,17.779381443299
T2T18,Satellite,subtelo,338,266214,787.615384615385,11.598224852071
T2T18,Simple_repeat,Unknown,1434757,141762484,98.8059190511007,10.7748788819291
T2T18,Unknown,Unknown,82307,13580640,164.999817755476,17.6395008929982
T2T18,rRNA,Unknown,8429,9142595,1084.65950883853,7.94548582275478
T2T18,scRNA,Unknown,3514,358053,101.89328400683,10.9197211155378
T2T18,snRNA,Unknown,9668,876993,90.7109019445594,13.2612639635912
T2T18,srpRNA,Unknown,4320,583621,135.097453703704,16.508587962963
T2T18,tRNA,Unknown,3643,215038,59.0277244029646,10.711776008784
T2T19,DNA,Crypton,571,83338,145.950963222417,25.4758318739054
T2T19,DNA,Crypton-A,262,38624,147.419847328244,26.8896946564886
T2T19,DNA,Kolobok,718,118419,164.928969359331,24.9774373259053
T2T19,DNA,MULE-MuDR,5883,1941220,329.97110317865,18.1019207887132
T2T19,DNA,Merlin,443,75775,171.049661399549,21.2155756207675
T2T19,DNA,PIF-Harbinger,720,126606,175.841666666667,26.6568055555556
T2T19,DNA,PiggyBac,4765,1058863,222.216789087093,13.0226232948583
T2T19,DNA,TcMar,305,58500,191.803278688525,26.8075409836066
T2T19,DNA,TcMar-Mariner,32012,5625037,175.716512557791,15.1282394102212
T2T19,DNA,TcMar-Pogo,61,7220,118.360655737705,24.2590163934426
T2T19,DNA,TcMar-Tc1,1514,256233,169.242404227213,21.9280052840159
T2T19,DNA,TcMar-Tc2,15538,3223127,207.435126785944,24.1986098596988
T2T19,DNA,TcMar-Tigger,242190,73015027,301.478289772493,20.1910380279946
T2T19,DNA,Unknown,15198,2165664,142.496644295302,25.7228714304514
T2T19,DNA,hAT,5380,982016,182.530855018587,26.0641449814126
T2T19,DNA,hAT-Ac,7849,1263752,161.008026500191,25.7985858071092
T2T19,DNA,hAT-Blackjack,31715,4641365,146.346050764622,22.2971338483367
T2T19,DNA,hAT-Charlie,495153,89858838,181.476913196527,23.0676760516446
T2T19,DNA,hAT-Tag1,3875,855990,220.90064516129,25.9135225806452
T2T19,DNA,hAT-Tip100,123615,24131642,195.216130728471,25.2898426566355
T2T19,DNA,hAT-hAT19,32,2963,92.59375,22.021875
T2T19,LINE,CR1,118412,20694718,174.768756544945,30.0217790426646
T2T19,LINE,Dong-R4,922,199394,216.262472885033,28.6924078091106
T2T19,LINE,I-Jockey,234,28359,121.192307692308,26.8440170940171
T2T19,LINE,L1,1840936,980007965,532.342224281561,19.4695888939105
T2T19,LINE,L1-Tx1,334,92046,275.586826347305,28.1167664670659
T2T19,LINE,L2,949036,199747793,210.474410875878,29.5144569858256
T2T19,LINE,RTE-BovB,10432,1645209,157.707917944785,31.0358895705521
T2T19,LINE,RTE-X,24845,5687360,228.913664721272,28.4384262427048
T2T19,LTR,DIRS,13372,916856,68.5653604546814,24.8400987137302
T2T19,LTR,ERV1,350041,163860667,468.11849754743,15.8465614028071
T2T19,LTR,ERVK,20587,17208512,835.892164958469,8.70116578423277
T2T19,LTR,ERVL,312461,113098845,361.961476792304,23.1794473550299
T2T19,LTR,ERVL-MaLR,665384,213096299,320.260629952028,20.3116804732305
T2T19,LTR,Gypsy,40186,8457588,210.461056089185,27.8723162295327
T2T19,LTR,Unknown,27181,5693196,209.454986939406,27.1051285824657
T2T19,Low_complexity,Unknown,209301,16397198,78.34266439243,19.459312186755
T2T19,PLE,Unknown,1372,123194,89.7915451895044,23.6378279883382
T2T19,RC,Helitron,4082,851318,208.554140127389,27.0868936795688
T2T19,Retroposon,SVA,84181,17324166,205.796628692935,23.7166664686806
T2T19,SINE,5S-Deu-L2,3824,414073,108.282688284519,27.5357740585774
T2T19,SINE,Alu,2369034,614096832,259.218243385279,13.0558550869257
T2T19,SINE,MIR,1105743,157004304,141.989869255333,28.2770718874096
T2T19,SINE,tRNA,3043,384259,126.276372001314,29.5447255997371
T2T19,SINE,tRNA-Deu,817,89344,109.356181150551,27.9492044063647
T2T19,SINE,tRNA-Deu-L2,15,845,56.3333333333333,22.0066666666667
T2T19,SINE,tRNA-RTE,8034,1033008,128.579536967886,31.035499128703
T2T19,Satellite,Unknown,80274,120242963,1497.90670702843,14.5330057054588
T2T19,Satellite,acro,1322,1316093,995.531770045386,16.2147503782148
T2T19,Satellite,centr,5182,181245417,34975.9585102277,17.7782709378618
T2T19,Satellite,subtelo,350,269550,770.142857142857,11.1528571428571
T2T19,Simple_repeat,Unknown,1430295,142411912,99.5682093554126,10.7605250665073
T2T19,Unknown,Unknown,80634,13008987,161.333767393407,17.9891187340328
T2T19,rRNA,Unknown,7657,8216409,1073.05850855426,8.5258325715032
T2T19,scRNA,Unknown,3504,356591,101.766837899543,10.8842180365297
T2T19,snRNA,Unknown,9705,879839,90.6583204533745,13.263379701185
T2T19,srpRNA,Unknown,4298,584266,135.939041414611,16.5087947882736
T2T19,tRNA,Unknown,4224,237842,56.3072916666667,10.66484375
