contig	color
contig-0000001	#D57533	chr13
contig-0000002	#D57533	chr13
contig-0000003	#666666	chr7
contig-0000004	#CC8DB3	chr11
contig-0000005	#CC8DB3	chr11
contig-0000006	#1A7FBA	chr12
contig-0000007	#CCA0BF	chr18
contig-0000008	#CCA0BF	chr18
contig-0000009	#CCA0BF	chr18
contig-0000010	#CC8DB3	chr11
contig-0000011	#666666	chr7
contig-0000012	#CC8DB3	chr11
contig-0000013	#CC8DB3	chr11
contig-0000014	#666666	chr7
contig-0000015	#D55E00	chr6
contig-0000016	#E6AB23	chr8
contig-0000017	#E6AB23	chr8
contig-0000018	#E6AB23	chr8
contig-0000019	#D57533	chr13
contig-0000020	#D57533	chr13
contig-0000021	#D57533	chr13
contig-0000022	#338CC2	chr19
contig-0000023	#338CC2	chr19
contig-0000024	#338CC2	chr19
contig-0000025	#338CC2	chr19
contig-0000026	#338CC2	chr19
contig-0000027	#1A7FBA	chr12
contig-0000028	#1A7FBA	chr12
contig-0000029	#1A7FBA	chr12
contig-0000030	#E6B847	chr15
contig-0000031	#CC79A7	chr4
contig-0000032	#D57533	chr13
contig-0000033	#CC79A7	chr4
contig-0000034	#CC79A7	chr4
contig-0000035	#CC79A7	chr4
contig-0000036	#CC79A7	chr4
contig-0000037	#CC79A7	chr4
contig-0000038	#CC79A7	chr4
contig-0000039	#CC79A7	chr4
contig-0000040	#CC79A7	chr4
contig-0000041	#CC79A7	chr4
contig-0000042	#E6AB23	chr8
contig-0000043	#D57533	chr13
contig-0000044	#E6AB23	chr8
contig-0000045	#E6AB23	chr8
contig-0000046	#E6AB23	chr8
contig-0000047	#E6AB23	chr8
contig-0000048	#D55E00	chr6
contig-0000049	#D55E00	chr6
contig-0000050	#D55E00	chr6
contig-0000051	#009E73	chr3
contig-0000052	#009E73	chr3
contig-0000053	#009E73	chr3
contig-0000054	#D57533	chr13
contig-0000055	#009E73	chr3
contig-0000056	#009E73	chr3
contig-0000057	#D57533	chr13
contig-0000058	#D57533	chr13
contig-0000059	#D57533	chr13
contig-0000060	#D55E00	chr6
contig-0000061	#CCA0BF	chr18
contig-0000062	#CCA0BF	chr18
contig-0000063	#CCA0BF	chr18
contig-0000064	#CCA0BF	chr18
contig-0000065	#D57533	chr13
contig-0000066	#E69F00	chr1
contig-0000067	#E69F00	chr1
contig-0000068	#E69F00	chr1
contig-0000069	#E69F00	chr1
contig-0000070	#E69F00	chr1
contig-0000071	#00A880	chr10
contig-0000072	#00A880	chr10
contig-0000073	#00A880	chr10
contig-0000074	#00A880	chr10
contig-0000075	#666666	chr7
contig-0000076	#00A880	chr10
contig-0000077	#E6AB23	chr8
contig-0000078	#E6AB23	chr8
contig-0000079	#E6AB23	chr8
contig-0000080	#E6B847	chr15
contig-0000081	#E6B847	chr15
contig-0000082	#E6B847	chr15
contig-0000083	#009E73	chr3
contig-0000084	#009E73	chr3
contig-0000085	#666666	chr7
contig-0000086	#009E73	chr3
contig-0000087	#009E73	chr3
contig-0000088	#009E73	chr3
contig-0000089	#009E73	chr3
contig-0000090	#E6C47F	chr22
contig-0000091	#E6AB23	chr8
contig-0000092	#E6AB23	chr8
contig-0000093	#E6AB23	chr8
contig-0000094	#00A880	chr10
contig-0000095	#00A880	chr10
contig-0000096	#666666	chr7
contig-0000097	#00A880	chr10
contig-0000098	#00B28C	chr17
contig-0000099	#D55E00	chr6
contig-0000100	#D55E00	chr6
contig-0000101	#D55E00	chr6
contig-0000102	#D55E00	chr6
contig-0000103	#D55E00	chr6
contig-0000104	#666666	chr7
contig-0000105	#666666	chr7
contig-0000106	#666666	chr7
contig-0000107	#666666	chr7
contig-0000108	#00B28C	chr17
contig-0000109	#00B28C	chr17
contig-0000110	#D57533	chr13
contig-0000111	#D57533	chr13
contig-0000112	#D57533	chr13
contig-0000113	#CC79A7	chr4
contig-0000114	#CC79A7	chr4
contig-0000115	#666666	chr7
contig-0000116	#CC79A7	chr4
contig-0000117	#56B4E9	chr2
contig-0000118	#56B4E9	chr2
contig-0000119	#56B4E9	chr2
contig-0000120	#567DE9	chr16
contig-0000121	#567DE9	chr16
contig-0000122	#567DE9	chr16
contig-0000123	#567DE9	chr16
contig-0000124	#567DE9	chr16
contig-0000125	#666666	chr7
contig-0000126	#338CC2	chr19
contig-0000127	#338CC2	chr19
contig-0000128	#338CC2	chr19
contig-0000129	#338CC2	chr19
contig-0000130	#338CC2	chr19
contig-0000131	#E6C47F	chr22
contig-0000132	#666666	chr7
contig-0000133	#E6C47F	chr22
contig-0000134	#E6C47F	chr22
contig-0000136	#1A7FBA	chr12
contig-0000137	#1A7FBA	chr12
contig-0000138	#1A7FBA	chr12
contig-0000139	#00B28C	chr17
contig-0000140	#00B28C	chr17
contig-0000141	#00B28C	chr17
contig-0000142	#00B28C	chr17
contig-0000143	#56B4E9	chr2
contig-0000144	#00B28C	chr17
contig-0000145	#808080	chr21
contig-0000146	#CCA0BF	chr18
contig-0000147	#CCA0BF	chr18
contig-0000148	#CCA0BF	chr18
contig-0000149	#D57533	chr13
contig-0000150	#E6C47F	chr22
contig-0000151	#E6AB23	chr8
contig-0000152	#1A7FBA	chr12
contig-0000153	#E69F00	chr1
contig-0000154	#56B4E9	chr2
contig-0000155	#E69F00	chr1
contig-0000156	#E69F00	chr1
contig-0000157	#E69F00	chr1
contig-0000158	#E69F00	chr1
contig-0000159	#1A7FBA	chr12
contig-0000160	#1A7FBA	chr12
contig-0000161	#1A7FBA	chr12
contig-0000162	#E6B847	chr15
contig-0000163	#E6B847	chr15
contig-0000164	#E6B847	chr15
contig-0000165	#56B4E9	chr2
contig-0000166	#00B28C	chr17
contig-0000167	#00B28C	chr17
contig-0000168	#00B28C	chr17
contig-0000169	#E69F00	chr1
contig-0000170	#E69F00	chr1
contig-0000171	#E69F00	chr1
contig-0000172	#E69F00	chr1
contig-0000173	#E69F00	chr1
contig-0000174	#E6AB23	chr8
contig-0000175	#E6AB23	chr8
contig-0000176	#56B4E9	chr2
contig-0000177	#E6AB23	chr8
contig-0000178	#E6AB23	chr8
contig-0000179	#E6AB23	chr8
contig-0000180	#D57533	chr13
contig-0000181	#CC79A7	chr4
contig-0000182	#00B28C	chr17
contig-0000183	#00B28C	chr17
contig-0000184	#56B4E9	chr2
contig-0000185	#00B28C	chr17
contig-0000186	#00B28C	chr17
contig-0000187	#567DE9	chr16
contig-0000188	#567DE9	chr16
contig-0000189	#567DE9	chr16
contig-0000190	#1A7FBA	chr12
contig-0000191	#1A7FBA	chr12
contig-0000192	#1A7FBA	chr12
contig-0000193	#1A7FBA	chr12
contig-0000194	#1A7FBA	chr12
contig-0000195	#D57533	chr13
contig-0000196	#CC79A7	chr4
contig-0000197	#CC79A7	chr4
contig-0000198	#CC79A7	chr4
contig-0000199	#CC79A7	chr4
contig-0000200	#CC79A7	chr4
contig-0000201	#CC79A7	chr4
contig-0000202	#56B4E9	chr2
contig-0000203	#338CC2	chr19
contig-0000204	#E6B847	chr15
contig-0000205	#00B28C	chr17
contig-0000206	#00B28C	chr17
contig-0000207	#00B28C	chr17
contig-0000208	#D57533	chr13
contig-0000209	#D57533	chr13
contig-0000210	#E6C47F	chr22
contig-0000211	#808080	chr21
contig-0000212	#D57533	chr13
contig-0000213	#D57533	chr13
contig-0000214	#D57533	chr13
contig-0000215	#D57533	chr13
contig-0000216	#D57533	chr13
contig-0000217	#737373	chr14
contig-0000218	#D57533	chr13
contig-0000219	#E6B847	chr15
contig-0000220	#D57533	chr13
contig-0000221	#808080	chr21
contig-0000222	#CC79A7	chr4
contig-0000223	#D58C66	chr20
contig-0000224	#56B4E9	chr2
contig-0000225	#D58C66	chr20
contig-0000226	#D58C66	chr20
contig-0000227	#D58C66	chr20
contig-0000228	#D58C66	chr20
contig-0000229	#56B4E9	chr2
contig-0000230	#56B4E9	chr2
contig-0000231	#56B4E9	chr2
contig-0000232	#D57533	chr13
contig-0000233	#D57533	chr13
contig-0000234	#666666	chr7
contig-0000235	#56B4E9	chr2
contig-0000236	#666666	chr7
contig-0000237	#666666	chr7
contig-0000238	#666666	chr7
contig-0000239	#666666	chr7
contig-0000240	#338CC2	chr19
contig-0000241	#009E73	chr3
contig-0000242	#009E73	chr3
contig-0000243	#009E73	chr3
contig-0000244	#009E73	chr3
contig-0000245	#009E73	chr3
contig-0000246	#338CC2	chr19
contig-0000247	#E6C47F	chr22
contig-0000248	#E6C47F	chr22
contig-0000249	#009E73	chr3
contig-0000250	#009E73	chr3
contig-0000251	#009E73	chr3
contig-0000252	#009E73	chr3
contig-0000253	#009E73	chr3
contig-0000254	#D55E00	chr6
contig-0000255	#338CC2	chr19
contig-0000256	#D55E00	chr6
contig-0000257	#D55E00	chr6
contig-0000258	#5699E9	chr9
contig-0000259	#5699E9	chr9
contig-0000260	#5699E9	chr9
contig-0000261	#D57533	chr13
contig-0000262	#D57533	chr13
contig-0000263	#567DE9	chr16
contig-0000264	#567DE9	chr16
contig-0000265	#567DE9	chr16
contig-0000266	#338CC2	chr19
contig-0000267	#737373	chr14
contig-0000268	#737373	chr14
contig-0000269	#737373	chr14
contig-0000270	#00B28C	chr17
contig-0000271	#00B28C	chr17
contig-0000272	#00B28C	chr17
contig-0000273	#00B28C	chr17
contig-0000274	#00B28C	chr17
contig-0000275	#00B28C	chr17
contig-0000276	#00B28C	chr17
contig-0000277	#338CC2	chr19
contig-0000278	#567DE9	chr16
contig-0000279	#D55E00	chr6
contig-0000280	#D55E00	chr6
contig-0000281	#D55E00	chr6
contig-0000282	#D55E00	chr6
contig-0000283	#D55E00	chr6
contig-0000284	#00A880	chr10
contig-0000285	#00B28C	chr17
contig-0000286	#338CC2	chr19
contig-0000287	#00B28C	chr17
contig-0000288	#00B28C	chr17
contig-0000289	#E69F00	chr1
contig-0000290	#E69F00	chr1
contig-0000291	#E69F00	chr1
contig-0000292	#E69F00	chr1
contig-0000293	#E69F00	chr1
contig-0000294	#E69F00	chr1
contig-0000295	#E69F00	chr1
contig-0000296	#E69F00	chr1
contig-0000297	#CCA0BF	chr18
contig-0000298	#D57533	chr13
contig-0000299	#E6AB23	chr8
contig-0000300	#0072B2	chr5
contig-0000301	#0072B2	chr5
contig-0000302	#0072B2	chr5
contig-0000303	#CCA0BF	chr18
contig-0000304	#1A7FBA	chr12
contig-0000305	#1A7FBA	chr12
contig-0000306	#1A7FBA	chr12
contig-0000307	#CCA0BF	chr18
contig-0000308	#1A7FBA	chr12
contig-0000309	#1A7FBA	chr12
contig-0000310	#1A7FBA	chr12
contig-0000311	#E6B847	chr15
contig-0000312	#D55E00	chr6
contig-0000313	#D55E00	chr6
contig-0000314	#D55E00	chr6
contig-0000315	#CC79A7	chr4
contig-0000316	#CCA0BF	chr18
contig-0000317	#E69F00	chr1
contig-0000318	#737373	chr14
contig-0000319	#1A7FBA	chr12
contig-0000320	#1A7FBA	chr12
contig-0000321	#1A7FBA	chr12
contig-0000322	#1A7FBA	chr12
contig-0000323	#1A7FBA	chr12
contig-0000324	#1A7FBA	chr12
contig-0000325	#1A7FBA	chr12
contig-0000326	#CC8DB3	chr11
contig-0000327	#CC8DB3	chr11
contig-0000328	#CC8DB3	chr11
contig-0000329	#1A7FBA	chr12
contig-0000330	#1A7FBA	chr12
contig-0000331	#1A7FBA	chr12
contig-0000332	#1A7FBA	chr12
contig-0000333	#1A7FBA	chr12
contig-0000334	#CC8DB3	chr11
contig-0000335	#CC8DB3	chr11
contig-0000336	#CC8DB3	chr11
contig-0000337	#E6AB23	chr8
contig-0000338	#CC79A7	chr4
contig-0000339	#CCA0BF	chr18
contig-0000340	#D55E00	chr6
contig-0000341	#D55E00	chr6
contig-0000342	#D55E00	chr6
contig-0000343	#E6AB23	chr8
contig-0000344	#808080	chr21
contig-0000345	#D55E00	chr6
contig-0000346	#666666	chr7
contig-0000347	#666666	chr7
contig-0000348	#666666	chr7
contig-0000349	#666666	chr7
contig-0000350	#666666	chr7
contig-0000351	#666666	chr7
contig-0000352	#666666	chr7
contig-0000353	#666666	chr7
contig-0000354	#E6AB23	chr8
contig-0000355	#666666	chr7
contig-0000356	#0072B2	chr5
contig-0000357	#0072B2	chr5
contig-0000358	#0072B2	chr5
contig-0000359	#666666	chr7
contig-0000360	#666666	chr7
contig-0000361	#666666	chr7
contig-0000362	#666666	chr7
contig-0000363	#737373	chr14
contig-0000364	#E6AB23	chr8
contig-0000365	#E6C47F	chr22
contig-0000366	#737373	chr14
contig-0000367	#737373	chr14
contig-0000368	#56B4E9	chr2
contig-0000369	#E6AB23	chr8
contig-0000370	#D55E00	chr6
contig-0000371	#56B4E9	chr2
contig-0000372	#56B4E9	chr2
contig-0000373	#737373	chr14
contig-0000374	#56B4E9	chr2
contig-0000375	#56B4E9	chr2
contig-0000376	#56B4E9	chr2
contig-0000377	#737373	chr14
contig-0000378	#E6B847	chr15
contig-0000379	#E6C47F	chr22
contig-0000380	#E6C47F	chr22
contig-0000381	#E6C47F	chr22
contig-0000382	#737373	chr14
contig-0000383	#E6C47F	chr22
contig-0000384	#808080	chr21
contig-0000385	#D55E00	chr6
contig-0000386	#1A7FBA	chr12
contig-0000387	#1A7FBA	chr12
contig-0000388	#1A7FBA	chr12
contig-0000389	#CC8DB3	chr11
contig-0000390	#CC8DB3	chr11
contig-0000391	#CC8DB3	chr11
contig-0000392	#737373	chr14
contig-0000393	#CC8DB3	chr11
contig-0000394	#009E73	chr3
contig-0000395	#009E73	chr3
contig-0000396	#009E73	chr3
contig-0000397	#CC8DB3	chr11
contig-0000398	#808080	chr21
contig-0000399	#E6B847	chr15
contig-0000400	#E6B847	chr15
contig-0000401	#E6B847	chr15
contig-0000402	#E6B847	chr15
contig-0000403	#E6B847	chr15
contig-0000404	#E69F00	chr1
contig-0000405	#E69F00	chr1
contig-0000406	#E69F00	chr1
contig-0000407	#E69F00	chr1
contig-0000408	#808080	chr21
contig-0000409	#5699E9	chr9
contig-0000410	#5699E9	chr9
contig-0000411	#5699E9	chr9
contig-0000412	#CC8DB3	chr11
contig-0000413	#5699E9	chr9
contig-0000414	#CC8DB3	chr11
contig-0000415	#CC8DB3	chr11
contig-0000416	#D57533	chr13
contig-0000417	#D57533	chr13
contig-0000418	#D57533	chr13
contig-0000419	#737373	chr14
contig-0000420	#737373	chr14
contig-0000421	#737373	chr14
contig-0000422	#737373	chr14
contig-0000423	#737373	chr14
contig-0000424	#5699E9	chr9
contig-0000425	#E6B847	chr15
contig-0000426	#CC79A7	chr4
contig-0000427	#666666	chr7
contig-0000428	#D58C66	chr20
contig-0000429	#D58C66	chr20
contig-0000430	#1A7FBA	chr12
contig-0000431	#1A7FBA	chr12
contig-0000432	#1A7FBA	chr12
contig-0000433	#1A7FBA	chr12
contig-0000434	#5699E9	chr9
contig-0000435	#1A7FBA	chr12
contig-0000436	#1A7FBA	chr12
contig-0000437	#E6AB23	chr8
contig-0000438	#E6AB23	chr8
contig-0000439	#E6AB23	chr8
contig-0000440	#D55E00	chr6
contig-0000441	#CC8DB3	chr11
contig-0000442	#CC8DB3	chr11
contig-0000443	#CC8DB3	chr11
contig-0000444	#5699E9	chr9
contig-0000445	#E6B847	chr15
contig-0000446	#E6B847	chr15
contig-0000447	#E6B847	chr15
contig-0000448	#666666	chr7
contig-0000449	#CC8DB3	chr11
contig-0000450	#CC8DB3	chr11
contig-0000451	#CC8DB3	chr11
contig-0000452	#D57533	chr13
contig-0000453	#D57533	chr13
contig-0000454	#D57533	chr13
contig-0000455	#5699E9	chr9
contig-0000456	#D57533	chr13
contig-0000457	#D57533	chr13
contig-0000458	#D55E00	chr6
contig-0000459	#D55E00	chr6
contig-0000460	#D55E00	chr6
contig-0000461	#666666	chr7
contig-0000462	#666666	chr7
contig-0000463	#1A7FBA	chr12
contig-0000464	#666666	chr7
contig-0000465	#666666	chr7
contig-0000466	#E6AB23	chr8
contig-0000467	#E6AB23	chr8
contig-0000468	#CC8DB3	chr11
contig-0000469	#CC8DB3	chr11
contig-0000470	#CC8DB3	chr11
contig-0000471	#CC8DB3	chr11
contig-0000472	#CC8DB3	chr11
contig-0000473	#CC8DB3	chr11
contig-0000474	#1A7FBA	chr12
contig-0000475	#E69F00	chr1
contig-0000476	#D57533	chr13
contig-0000477	#D57533	chr13
contig-0000478	#E6C47F	chr22
contig-0000479	#D57533	chr13
contig-0000480	#D57533	chr13
contig-0000481	#1A7FBA	chr12
contig-0000482	#1A7FBA	chr12
contig-0000483	#1A7FBA	chr12
contig-0000484	#1A7FBA	chr12
contig-0000485	#5699E9	chr9
contig-0000486	#5699E9	chr9
contig-0000487	#5699E9	chr9
contig-0000488	#808080	chr21
contig-0000489	#0072B2	chr5
contig-0000490	#0072B2	chr5
contig-0000491	#CC8DB3	chr11
contig-0000492	#1A7FBA	chr12
contig-0000493	#0072B2	chr5
contig-0000494	#0072B2	chr5
contig-0000495	#0072B2	chr5
contig-0000496	#0072B2	chr5
contig-0000497	#CC79A7	chr4
contig-0000498	#CC79A7	chr4
contig-0000499	#CC79A7	chr4
contig-0000500	#CC79A7	chr4
contig-0000501	#D55E00	chr6
contig-0000502	#D55E00	chr6
contig-0000503	#1A7FBA	chr12
contig-0000504	#D55E00	chr6
contig-0000505	#E69F00	chr1
contig-0000506	#E69F00	chr1
contig-0000507	#E69F00	chr1
contig-0000508	#E69F00	chr1
contig-0000509	#56B4E9	chr2
contig-0000510	#56B4E9	chr2
contig-0000511	#56B4E9	chr2
contig-0000512	#56B4E9	chr2
contig-0000513	#56B4E9	chr2
contig-0000514	#56B4E9	chr2
contig-0000515	#56B4E9	chr2
contig-0000516	#56B4E9	chr2
contig-0000517	#56B4E9	chr2
contig-0000518	#56B4E9	chr2
contig-0000519	#D57533	chr13
contig-0000520	#E6AB23	chr8
contig-0000521	#E6AB23	chr8
contig-0000522	#E6AB23	chr8
contig-0000523	#1A7FBA	chr12
contig-0000524	#56B4E9	chr2
contig-0000525	#0072B2	chr5
contig-0000526	#1A7FBA	chr12
contig-0000527	#1A7FBA	chr12
contig-0000528	#CC8DB3	chr11
contig-0000529	#CC8DB3	chr11
contig-0000530	#CC8DB3	chr11
contig-0000531	#E6AB23	chr8
contig-0000532	#9467BD	chrX
contig-0000533	#00B28C	chr17
contig-0000534	#E6C47F	chr22
contig-0000535	#E6C47F	chr22
contig-0000536	#D57533	chr13
contig-0000537	#D57533	chr13
contig-0000538	#567DE9	chr16
contig-0000539	#567DE9	chr16
contig-0000540	#567DE9	chr16
contig-0000541	#CC8DB3	chr11
contig-0000543	#0072B2	chr5
contig-0000544	#0072B2	chr5
contig-0000545	#0072B2	chr5
contig-0000546	#D57533	chr13
contig-0000547	#00B28C	chr17
contig-0000548	#00B28C	chr17
contig-0000549	#00B28C	chr17
contig-0000550	#D57533	chr13
contig-0000551	#CC8DB3	chr11
contig-0000552	#5699E9	chr9
contig-0000553	#5699E9	chr9
contig-0000554	#5699E9	chr9
contig-0000555	#CC8DB3	chr11
contig-0000556	#CC8DB3	chr11
contig-0000557	#D57533	chr13
contig-0000558	#D57533	chr13
contig-0000559	#5699E9	chr9
contig-0000560	#5699E9	chr9
contig-0000561	#5699E9	chr9
contig-0000562	#5699E9	chr9
contig-0000563	#5699E9	chr9
contig-0000564	#808080	chr21
contig-0000565	#808080	chr21
contig-0000566	#808080	chr21
contig-0000567	#D57533	chr13
contig-0000568	#737373	chr14
contig-0000569	#737373	chr14
contig-0000570	#737373	chr14
contig-0000571	#737373	chr14
contig-0000572	#E6C47F	chr22
contig-0000573	#737373	chr14
contig-0000574	#808080	chr21
contig-0000575	#E69F00	chr1
contig-0000576	#E69F00	chr1
contig-0000577	#CC8DB3	chr11
contig-0000578	#CC8DB3	chr11
contig-0000579	#E69F00	chr1
contig-0000580	#338CC2	chr19
contig-0000581	#CC79A7	chr4
contig-0000582	#5699E9	chr9
contig-0000583	#1A7FBA	chr12
contig-0000584	#0072B2	chr5
contig-0000585	#0072B2	chr5
contig-0000586	#0072B2	chr5
contig-0000587	#00A880	chr10
contig-0000588	#CC8DB3	chr11
contig-0000589	#00A880	chr10
contig-0000590	#00A880	chr10
contig-0000591	#00A880	chr10
contig-0000592	#00A880	chr10
contig-0000593	#00A880	chr10
contig-0000594	#00A880	chr10
contig-0000595	#5699E9	chr9
contig-0000596	#CC8DB3	chr11
contig-0000597	#5699E9	chr9
contig-0000598	#5699E9	chr9
contig-0000599	#5699E9	chr9
contig-0000600	#808080	chr21
contig-0000601	#737373	chr14
contig-0000602	#CC8DB3	chr11
contig-0000603	#E69F00	chr1
contig-0000604	#E6C47F	chr22
contig-0000605	#D57533	chr13
contig-0000606	#5699E9	chr9
contig-0000607	#5699E9	chr9
contig-0000608	#D57533	chr13
contig-0000609	#D57533	chr13
contig-0000610	#D58C66	chr20
contig-0000611	#808080	chr21
contig-0000612	#5699E9	chr9
contig-0000613	#5699E9	chr9
contig-0000614	#5699E9	chr9
contig-0000615	#D55E00	chr6
contig-0000616	#D55E00	chr6
contig-0000617	#D55E00	chr6
contig-0000618	#D58C66	chr20
contig-0000619	#E6B847	chr15
contig-0000620	#E6C47F	chr22
contig-0000621	#56B4E9	chr2
contig-0000622	#00A880	chr10
contig-0000623	#00A880	chr10
contig-0000624	#00A880	chr10
contig-0000625	#D57533	chr13
contig-0000626	#D57533	chr13
contig-0000627	#808080	chr21
contig-0000628	#D58C66	chr20
contig-0000629	#808080	chr21
contig-0000630	#808080	chr21
contig-0000631	#808080	chr21
contig-0000632	#808080	chr21
contig-0000633	#808080	chr21
contig-0000634	#5699E9	chr9
contig-0000635	#D55E00	chr6
contig-0000636	#D55E00	chr6
contig-0000637	#D58C66	chr20
contig-0000638	#D55E00	chr6
contig-0000639	#808080	chr21
contig-0000640	#808080	chr21
contig-0000641	#808080	chr21
contig-0000642	#5699E9	chr9
contig-0000643	#E69F00	chr1
contig-0000644	#E69F00	chr1
contig-0000645	#E69F00	chr1
contig-0000646	#D55E00	chr6
contig-0000647	#D58C66	chr20
contig-0000648	#5699E9	chr9
contig-0000649	#5699E9	chr9
contig-0000650	#737373	chr14
contig-0000651	#737373	chr14
contig-0000652	#737373	chr14
contig-0000653	#737373	chr14
contig-0000654	#737373	chr14
contig-0000655	#567DE9	chr16
contig-0000656	#737373	chr14
contig-0000657	#737373	chr14
contig-0000658	#E6C47F	chr22
contig-0000659	#CC8DB3	chr11
contig-0000660	#737373	chr14
contig-0000661	#737373	chr14
contig-0000662	#737373	chr14
contig-0000664	#567DE9	chr16
contig-0000665	#009E73	chr3
contig-0000666	#009E73	chr3
contig-0000667	#009E73	chr3
contig-0000668	#CC8DB3	chr11
contig-0000669	#808080	chr21
contig-0000670	#808080	chr21
contig-0000671	#5699E9	chr9
contig-0000672	#567DE9	chr16
contig-0000675	#E69F00	chr1
contig-0000676	#E69F00	chr1
contig-0000677	#E69F00	chr1
contig-0000678	#E69F00	chr1
contig-0000679	#E69F00	chr1
contig-0000680	#D57533	chr13
contig-0000681	#D57533	chr13
contig-0000682	#567DE9	chr16
contig-0000683	#808080	chr21
contig-0000684	#E6B847	chr15
contig-0000685	#D57533	chr13
contig-0000686	#E6B847	chr15
contig-0000687	#808080	chr21
contig-0000688	#D57533	chr13
contig-0000689	#D57533	chr13
contig-0000690	#567DE9	chr16
contig-0000691	#D57533	chr13
contig-0000692	#567DE9	chr16
contig-0000693	#D57533	chr13
contig-0000694	#D57533	chr13
contig-0000696	#00A880	chr10
contig-0000697	#00A880	chr10
contig-0000698	#00A880	chr10
contig-0000699	#666666	chr7
contig-0000700	#1A7FBA	chr12
contig-0000701	#CCA0BF	chr18
contig-0000702	#56B4E9	chr2
contig-0000703	#56B4E9	chr2
contig-0000704	#56B4E9	chr2
contig-0000705	#338CC2	chr19
contig-0000706	#338CC2	chr19
contig-0000707	#D57533	chr13
contig-0000708	#D57533	chr13
contig-0000709	#D57533	chr13
contig-0000710	#666666	chr7
contig-0000711	#666666	chr7
contig-0000712	#1A7FBA	chr12
contig-0000713	#1A7FBA	chr12
contig-0000714	#1A7FBA	chr12
contig-0000715	#D57533	chr13
contig-0000717	#E6C47F	chr22
contig-0000718	#666666	chr7
contig-0000719	#D57533	chr13
contig-0000720	#56B4E9	chr2
contig-0000721	#D57533	chr13
contig-0000722	#CC79A7	chr4
contig-0000723	#CC79A7	chr4
contig-0000724	#CC79A7	chr4
contig-0000725	#E69F00	chr1
contig-0000726	#E69F00	chr1
contig-0000727	#666666	chr7
contig-0000728	#E69F00	chr1
contig-0000729	#E69F00	chr1
contig-0000730	#E69F00	chr1
contig-0000731	#D57533	chr13
contig-0000732	#00B28C	chr17
contig-0000733	#00B28C	chr17
contig-0000734	#00B28C	chr17
contig-0000735	#00B28C	chr17
contig-0000736	#666666	chr7
contig-0000737	#00B28C	chr17
contig-0000738	#666666	chr7
contig-0000739	#D58C66	chr20
contig-0000740	#D58C66	chr20
contig-0000741	#D58C66	chr20
contig-0000742	#00A880	chr10
contig-0000743	#1A7FBA	chr12
contig-0000744	#009E73	chr3
contig-0000745	#00B28C	chr17
contig-0000746	#00B28C	chr17
contig-0000747	#00B28C	chr17
contig-0000749	#567DE9	chr16
contig-0000750	#009E73	chr3
contig-0000751	#E69F00	chr1
contig-0000752	#E69F00	chr1
contig-0000753	#E69F00	chr1
contig-0000754	#CC8DB3	chr11
contig-0000755	#CC8DB3	chr11
contig-0000756	#CC8DB3	chr11
contig-0000757	#D55E00	chr6
contig-0000758	#56B4E9	chr2
contig-0000759	#5699E9	chr9
contig-0000760	#5699E9	chr9
contig-0000761	#5699E9	chr9
contig-0000762	#D57533	chr13
contig-0000763	#56B4E9	chr2
contig-0000764	#D57533	chr13
contig-0000765	#00A880	chr10
contig-0000766	#0072B2	chr5
contig-0000767	#56B4E9	chr2
contig-0000768	#E6C47F	chr22
contig-0000769	#E6C47F	chr22
contig-0000770	#E6C47F	chr22
contig-0000771	#56B4E9	chr2
contig-0000772	#D57533	chr13
contig-0000773	#009E73	chr3
contig-0000774	#009E73	chr3
contig-0000775	#009E73	chr3
contig-0000776	#E69F00	chr1
contig-0000777	#E69F00	chr1
contig-0000778	#E69F00	chr1
contig-0000779	#009E73	chr3
contig-0000780	#009E73	chr3
contig-0000781	#009E73	chr3
contig-0000782	#56B4E9	chr2
contig-0000783	#D55E00	chr6
contig-0000784	#00B28C	chr17
contig-0000785	#0072B2	chr5
contig-0000787	#009E73	chr3
contig-0000788	#CC79A7	chr4
contig-0000789	#D57533	chr13
contig-0000790	#00B28C	chr17
contig-0000791	#5699E9	chr9
contig-0000792	#56B4E9	chr2
contig-0000793	#5699E9	chr9
contig-0000794	#00B28C	chr17
contig-0000795	#00B28C	chr17
contig-0000796	#00B28C	chr17
contig-0000797	#00B28C	chr17
contig-0000798	#00B28C	chr17
contig-0000799	#1A7FBA	chr12
contig-0000800	#737373	chr14
contig-0000801	#737373	chr14
contig-0000802	#56B4E9	chr2
contig-0000803	#567DE9	chr16
contig-0000804	#56B4E9	chr2
contig-0000805	#56B4E9	chr2
contig-0000806	#56B4E9	chr2
contig-0000807	#338CC2	chr19
contig-0000808	#338CC2	chr19
contig-0000809	#338CC2	chr19
contig-0000810	#808080	chr21
contig-0000811	#666666	chr7
contig-0000812	#808080	chr21
contig-0000813	#D57533	chr13
contig-0000814	#D57533	chr13
contig-0000815	#E6C47F	chr22
contig-0000816	#D57533	chr13
contig-0000817	#808080	chr21
contig-0000818	#808080	chr21
contig-0000819	#808080	chr21
contig-0000820	#666666	chr7
contig-0000821	#E6C47F	chr22
contig-0000822	#808080	chr21
contig-0000823	#808080	chr21
contig-0000824	#808080	chr21
contig-0000825	#808080	chr21
contig-0000826	#808080	chr21
contig-0000827	#666666	chr7
contig-0000828	#808080	chr21
contig-0000829	#808080	chr21
contig-0000830	#808080	chr21
contig-0000831	#E6C47F	chr22
contig-0000832	#808080	chr21
contig-0000833	#808080	chr21
contig-0000834	#E6C47F	chr22
contig-0000835	#808080	chr21
contig-0000836	#808080	chr21
contig-0000837	#666666	chr7
contig-0000838	#808080	chr21
contig-0000839	#808080	chr21
contig-0000840	#808080	chr21
contig-0000841	#808080	chr21
contig-0000842	#808080	chr21
contig-0000843	#00A880	chr10
contig-0000844	#666666	chr7
contig-0000845	#808080	chr21
contig-0000846	#808080	chr21
contig-0000847	#808080	chr21
contig-0000848	#808080	chr21
contig-0000849	#808080	chr21
contig-0000850	#808080	chr21
contig-0000851	#808080	chr21
contig-0000852	#808080	chr21
contig-0000853	#808080	chr21
contig-0000854	#808080	chr21
contig-0000855	#666666	chr7
contig-0000856	#808080	chr21
contig-0000857	#808080	chr21
contig-0000858	#808080	chr21
contig-0000859	#808080	chr21
contig-0000860	#808080	chr21
contig-0000861	#808080	chr21
contig-0000862	#D57533	chr13
contig-0000863	#808080	chr21
contig-0000864	#808080	chr21
contig-0000865	#808080	chr21
contig-0000866	#808080	chr21
contig-0000867	#E6C47F	chr22
contig-0000868	#E6C47F	chr22
contig-0000869	#808080	chr21
contig-0000870	#808080	chr21
contig-0000871	#E6B847	chr15
contig-0000872	#808080	chr21
contig-0000873	#808080	chr21
contig-0000874	#808080	chr21
contig-0000875	#CC8DB3	chr11
contig-0000876	#E6C47F	chr22
contig-0000877	#E6C47F	chr22
contig-0000878	#D57533	chr13
contig-0000879	#E6C47F	chr22
contig-0000880	#D57533	chr13
contig-0000881	#D57533	chr13
contig-0000882	#D57533	chr13
contig-0000883	#CC8DB3	chr11
contig-0000884	#E6C47F	chr22
contig-0000885	#D57533	chr13
contig-0000886	#E6C47F	chr22
contig-0000887	#E6C47F	chr22
contig-0000888	#E6C47F	chr22
contig-0000889	#E6C47F	chr22
contig-0000890	#E6C47F	chr22
contig-0000891	#E6C47F	chr22
contig-0000892	#CC8DB3	chr11
contig-0000893	#E6C47F	chr22
contig-0000894	#D57533	chr13
contig-0000895	#9467BD	chrX
contig-0000896	#9467BD	chrX
contig-0000897	#9467BD	chrX
contig-0000898	#9467BD	chrX
contig-0000899	#9467BD	chrX
contig-0000900	#9467BD	chrX
contig-0000901	#CC8DB3	chr11
contig-0000902	#D57533	chr13
contig-0000903	#D57533	chr13
contig-0000904	#E6B847	chr15
contig-0000905	#737373	chr14
contig-0000906	#E6C47F	chr22
contig-0000907	#D57533	chr13
contig-0000908	#D57533	chr13
contig-0000909	#CC8DB3	chr11
contig-0000910	#D57533	chr13
contig-0000911	#E6C47F	chr22
contig-0000912	#E6C47F	chr22
contig-0000913	#E6C47F	chr22
contig-0000914	#E6C47F	chr22
contig-0000915	#D57533	chr13
contig-0000916	#D57533	chr13
contig-0000917	#D57533	chr13
contig-0000918	#CCA0BF	chr18
contig-0000919	#808080	chr21
contig-0000921	#E6C47F	chr22
contig-0000922	#D57533	chr13
contig-0000923	#D57533	chr13
contig-0000924	#9467BD	chrX
contig-0000925	#D57533	chr13
contig-0000926	#00A880	chr10
contig-0000927	#CCA0BF	chr18
contig-0000928	#9467BD	chrX
contig-0000929	#338CC2	chr19
contig-0000930	#E6B847	chr15
contig-0000931	#808080	chr21
contig-0000932	#D57533	chr13
contig-0000933	#E6B847	chr15
contig-0000934	#CCA0BF	chr18
contig-0000935	#E6B847	chr15
contig-0000936	#D57533	chr13
contig-0000937	#E6B847	chr15
contig-0000938	#737373	chr14
contig-0000939	#D57533	chr13
contig-0000940	#808080	chr21
contig-0000941	#D57533	chr13
contig-0000942	#E6B847	chr15
contig-0000943	#808080	chr21
contig-0000944	#CCA0BF	chr18
contig-0000945	#808080	chr21
contig-0000946	#D57533	chr13
contig-0000947	#D57533	chr13
contig-0000948	#D57533	chr13
contig-0000949	#D57533	chr13
contig-0000950	#808080	chr21
contig-0000951	#737373	chr14
contig-0000952	#737373	chr14
contig-0000953	#CCA0BF	chr18
contig-0000954	#808080	chr21
contig-0000955	#D57533	chr13
contig-0000956	#808080	chr21
contig-0000957	#E6C47F	chr22
contig-0000958	#808080	chr21
contig-0000959	#808080	chr21
contig-0000960	#808080	chr21
contig-0000961	#808080	chr21
contig-0000962	#808080	chr21
contig-0000963	#56B4E9	chr2
contig-0000964	#9467BD	chrX
contig-0000965	#D57533	chr13
contig-0000966	#D57533	chr13
contig-0000967	#808080	chr21
contig-0000968	#808080	chr21
contig-0000969	#808080	chr21
contig-0000970	#808080	chr21
contig-0000971	#808080	chr21
contig-0000972	#808080	chr21
contig-0000973	#E6B847	chr15
contig-0000974	#808080	chr21
contig-0000975	#808080	chr21
contig-0000976	#808080	chr21
contig-0000977	#808080	chr21
contig-0000978	#E69F00	chr1
contig-0000979	#808080	chr21
contig-0000980	#808080	chr21
contig-0000981	#808080	chr21
contig-0000982	#D55E00	chr6
contig-0000983	#D55E00	chr6
contig-0000984	#D55E00	chr6
contig-0000985	#56B4E9	chr2
contig-0000986	#D57533	chr13
contig-0000987	#D57533	chr13
contig-0000988	#D57533	chr13
contig-0000989	#D57533	chr13
contig-0000990	#E69F00	chr1
contig-0000991	#E6B847	chr15
contig-0000993	#808080	chr21
contig-0000994	#808080	chr21
contig-0000995	#808080	chr21
contig-0000996	#737373	chr14
contig-0000997	#737373	chr14
contig-0000998	#00A880	chr10
contig-0000999	#808080	chr21
contig-0001000	#009E73	chr3
contig-0001001	#D55E00	chr6
contig-0001002	#D55E00	chr6
contig-0001003	#D55E00	chr6
contig-0001004	#666666	chr7
contig-0001005	#00A880	chr10
contig-0001006	#00A880	chr10
contig-0001007	#E6C47F	chr22
contig-0001008	#56B4E9	chr2
contig-0001009	#1A7FBA	chr12
contig-0001010	#00B28C	chr17
contig-0001011	#00B28C	chr17
contig-0001012	#00B28C	chr17
contig-0001013	#00A880	chr10
contig-0001014	#E69F00	chr1
contig-0001015	#8C564B	chrY
contig-0001016	#8C564B	chrY
contig-0001017	#8C564B	chrY
contig-0001018	#9467BD	chrX
contig-0001019	#9467BD	chrX
contig-0001020	#00A880	chr10
contig-0001021	#8C564B	chrY
contig-0001022	#56B4E9	chr2
contig-0001023	#00B28C	chr17
contig-0001024	#56B4E9	chr2
contig-0001025	#E69F00	chr1
contig-0001026	#5699E9	chr9
contig-0001027	#00A880	chr10
contig-0001028	#666666	chr7
contig-0001029	#5699E9	chr9
contig-0001030	#00A880	chr10
contig-0001031	#737373	chr14
contig-0001032	#808080	chr21
contig-0001033	#CC79A7	chr4
contig-0001034	#1A7FBA	chr12
contig-0001035	#D57533	chr13
contig-0001036	#E69F00	chr1
contig-0001037	#009E73	chr3
contig-0001038	#E69F00	chr1
contig-0001039	#E69F00	chr1
contig-0001040	#E69F00	chr1
contig-0001041	#00B28C	chr17
contig-0001042	#009E73	chr3
contig-0001043	#009E73	chr3
contig-0001044	#009E73	chr3
contig-0001045	#009E73	chr3
contig-0001047	#808080	chr21
contig-0001048	#808080	chr21
contig-0001049	#E6C47F	chr22
contig-0001050	#CC79A7	chr4
contig-0001051	#009E73	chr3
contig-0001053	#1A7FBA	chr12
contig-0001054	#808080	chr21
contig-0001055	#808080	chr21
contig-0001056	#808080	chr21
contig-0001057	#009E73	chr3
contig-0001058	#00A880	chr10
contig-0001059	#009E73	chr3
contig-0001060	#009E73	chr3
contig-0001061	#009E73	chr3
contig-0001062	#009E73	chr3
contig-0001063	#737373	chr14
contig-0001064	#737373	chr14
contig-0001065	#737373	chr14
contig-0001066	#737373	chr14
contig-0001067	#D57533	chr13
contig-0001068	#D55E00	chr6
contig-0001069	#D55E00	chr6
contig-0001070	#56B4E9	chr2
contig-0001071	#009E73	chr3
contig-0001072	#338CC2	chr19
contig-0001073	#E69F00	chr1
contig-0001074	#E69F00	chr1
contig-0001075	#E69F00	chr1
contig-0001076	#E69F00	chr1
contig-0001077	#E69F00	chr1
contig-0001078	#E69F00	chr1
contig-0001079	#E6B847	chr15
contig-0001080	#009E73	chr3
contig-0001081	#CC79A7	chr4
contig-0001082	#808080	chr21
contig-0001083	#E6B847	chr15
contig-0001084	#E6B847	chr15
contig-0001085	#00A880	chr10
contig-0001086	#D57533	chr13
contig-0001087	#D57533	chr13
contig-0001088	#D57533	chr13
contig-0001089	#CC8DB3	chr11
contig-0001090	#CC8DB3	chr11
contig-0001091	#CC8DB3	chr11
contig-0001092	#737373	chr14
contig-0001093	#D55E00	chr6
contig-0001094	#D57533	chr13
contig-0001095	#737373	chr14
contig-0001097	#D57533	chr13
contig-0001099	#737373	chr14
contig-0001100	#666666	chr7
contig-0001101	#666666	chr7
contig-0001102	#D57533	chr13
contig-0001103	#D57533	chr13
contig-0001104	#D57533	chr13
contig-0001105	#D57533	chr13
contig-0001106	#737373	chr14
contig-0001109	#D57533	chr13
contig-0001110	#737373	chr14
contig-0001111	#D57533	chr13
contig-0001112	#808080	chr21
contig-0001113	#808080	chr21
contig-0001114	#E6C47F	chr22
contig-0001115	#737373	chr14
contig-0001116	#808080	chr21
contig-0001117	#E6C47F	chr22
contig-0001118	#E6C47F	chr22
contig-0001119	#E6C47F	chr22
contig-0001120	#737373	chr14
contig-0001121	#E6C47F	chr22
contig-0001122	#E69F00	chr1
contig-0001123	#737373	chr14
contig-0001124	#9467BD	chrX
contig-0001125	#9467BD	chrX
contig-0001126	#9467BD	chrX
contig-0001127	#9467BD	chrX
contig-0001128	#00A880	chr10
contig-0001129	#9467BD	chrX
contig-0001130	#9467BD	chrX
contig-0001131	#808080	chr21
contig-0001132	#D57533	chr13
contig-0001133	#00A880	chr10
contig-0001134	#9467BD	chrX
contig-0001135	#9467BD	chrX
contig-0001136	#338CC2	chr19
contig-0001137	#00A880	chr10
contig-0001138	#00A880	chr10
contig-0001139	#737373	chr14
contig-0001140	#E6B847	chr15
contig-0001141	#808080	chr21
contig-0001142	#E6B847	chr15
contig-0001143	#E6B847	chr15
contig-0001144	#808080	chr21
contig-0001145	#D57533	chr13
contig-0001146	#00A880	chr10
contig-0001147	#808080	chr21
contig-0001148	#808080	chr21
contig-0001149	#009E73	chr3
contig-0001150	#808080	chr21
contig-0001151	#00A880	chr10
contig-0001152	#E6C47F	chr22
contig-0001153	#E6B847	chr15
contig-0001154	#9467BD	chrX
contig-0001155	#D57533	chr13
contig-0001156	#00A880	chr10
contig-0001157	#E6C47F	chr22
contig-0001158	#D57533	chr13
contig-0001159	#D57533	chr13
contig-0001160	#E6C47F	chr22
contig-0001161	#00A880	chr10
contig-0001162	#D57533	chr13
contig-0001163	#808080	chr21
contig-0001164	#808080	chr21
contig-0001165	#808080	chr21
contig-0001166	#E6C47F	chr22
contig-0001167	#808080	chr21
contig-0001168	#E6C47F	chr22
contig-0001169	#00A880	chr10
contig-0001170	#808080	chr21
contig-0001171	#808080	chr21
contig-0001172	#009E73	chr3
contig-0001173	#009E73	chr3
contig-0001174	#009E73	chr3
contig-0001175	#D57533	chr13
contig-0001176	#00A880	chr10
contig-0001177	#D57533	chr13
contig-0001178	#D57533	chr13
contig-0001179	#D57533	chr13
contig-0001180	#E6C47F	chr22
contig-0001181	#808080	chr21
contig-0001182	#808080	chr21
contig-0001183	#CCA0BF	chr18
contig-0001185	#D57533	chr13
contig-0001187	#D57533	chr13
contig-0001188	#D57533	chr13
contig-0001190	#CCA0BF	chr18
contig-0001191	#737373	chr14
contig-0001192	#E6C47F	chr22
contig-0001193	#808080	chr21
contig-0001194	#808080	chr21
contig-0001195	#808080	chr21
contig-0001196	#CCA0BF	chr18
contig-0001197	#D57533	chr13
contig-0001198	#D57533	chr13
contig-0001199	#D57533	chr13
contig-0001200	#D57533	chr13
contig-0001201	#D57533	chr13
contig-0001202	#D57533	chr13
contig-0001203	#CCA0BF	chr18
contig-0001204	#E6C47F	chr22
contig-0001205	#808080	chr21
contig-0001206	#567DE9	chr16
contig-0001207	#D57533	chr13
contig-0001208	#D57533	chr13
contig-0001209	#D57533	chr13
contig-0001210	#D57533	chr13
contig-0001211	#CCA0BF	chr18
contig-0001212	#D57533	chr13
contig-0001213	#808080	chr21
contig-0001214	#808080	chr21
contig-0001215	#808080	chr21
contig-0001216	#E6B847	chr15
contig-0001217	#E6B847	chr15
contig-0001218	#338CC2	chr19
contig-0001219	#338CC2	chr19
contig-0001220	#338CC2	chr19
contig-0001221	#338CC2	chr19
contig-0001222	#737373	chr14
contig-0001223	#737373	chr14
contig-0001224	#D57533	chr13
contig-0001225	#737373	chr14
contig-0001226	#338CC2	chr19
contig-0001227	#567DE9	chr16
contig-0001228	#5699E9	chr9
contig-0001229	#5699E9	chr9
contig-0001231	#D57533	chr13
contig-0001232	#338CC2	chr19
contig-0001233	#D57533	chr13
contig-0001234	#D57533	chr13
contig-0001237	#338CC2	chr19
contig-0001238	#E6B847	chr15
contig-0001239	#D57533	chr13
contig-0001240	#D57533	chr13
contig-0001242	#808080	chr21
contig-0001243	#808080	chr21
contig-0001244	#338CC2	chr19
contig-0001245	#737373	chr14
contig-0001246	#737373	chr14
contig-0001247	#808080	chr21
contig-0001248	#808080	chr21
contig-0001249	#E69F00	chr1
contig-0001250	#808080	chr21
contig-0001251	#808080	chr21
contig-0001252	#808080	chr21
contig-0001253	#808080	chr21
contig-0001254	#808080	chr21
contig-0001255	#808080	chr21
contig-0001256	#808080	chr21
contig-0001257	#808080	chr21
contig-0001258	#E69F00	chr1
contig-0001259	#808080	chr21
contig-0001260	#808080	chr21
contig-0001261	#808080	chr21
contig-0001262	#808080	chr21
contig-0001263	#D55E00	chr6
contig-0001264	#808080	chr21
contig-0001265	#808080	chr21
contig-0001266	#808080	chr21
contig-0001267	#E69F00	chr1
contig-0001268	#808080	chr21
contig-0001269	#E6B847	chr15
contig-0001270	#808080	chr21
contig-0001271	#808080	chr21
contig-0001272	#808080	chr21
contig-0001273	#00B28C	chr17
contig-0001274	#00B28C	chr17
contig-0001275	#CC79A7	chr4
contig-0001276	#E69F00	chr1
contig-0001277	#00B28C	chr17
contig-0001278	#00B28C	chr17
contig-0001280	#00B28C	chr17
contig-0001281	#808080	chr21
contig-0001282	#808080	chr21
contig-0001283	#CC8DB3	chr11
contig-0001284	#E69F00	chr1
contig-0001285	#E69F00	chr1
contig-0001286	#808080	chr21
contig-0001287	#E6C47F	chr22
contig-0001288	#D57533	chr13
contig-0001289	#808080	chr21
contig-0001290	#009E73	chr3
contig-0001291	#D57533	chr13
contig-0001292	#D57533	chr13
contig-0001293	#D57533	chr13
contig-0001294	#D57533	chr13
contig-0001296	#009E73	chr3
contig-0001297	#D55E00	chr6
contig-0001298	#E6C47F	chr22
contig-0001299	#00A880	chr10
contig-0001301	#E69F00	chr1
contig-0001302	#D57533	chr13
contig-0001303	#009E73	chr3
contig-0001304	#D57533	chr13
contig-0001305	#E6C47F	chr22
contig-0001306	#D57533	chr13
contig-0001307	#E6C47F	chr22
contig-0001308	#D57533	chr13
contig-0001309	#009E73	chr3
contig-0001311	#808080	chr21
contig-0001312	#567DE9	chr16
contig-0001313	#567DE9	chr16
contig-0001314	#009E73	chr3
contig-0001315	#808080	chr21
contig-0001316	#808080	chr21
contig-0001317	#808080	chr21
contig-0001318	#D57533	chr13
contig-0001319	#808080	chr21
contig-0001320	#1A7FBA	chr12
contig-0001321	#808080	chr21
contig-0001322	#808080	chr21
contig-0001323	#808080	chr21
contig-0001324	#808080	chr21
contig-0001325	#808080	chr21
contig-0001326	#808080	chr21
contig-0001327	#808080	chr21
contig-0001328	#1A7FBA	chr12
contig-0001329	#56B4E9	chr2
contig-0001330	#E69F00	chr1
contig-0001331	#808080	chr21
contig-0001332	#D57533	chr13
contig-0001333	#E6B847	chr15
contig-0001334	#D57533	chr13
contig-0001335	#1A7FBA	chr12
contig-0001336	#D57533	chr13
contig-0001337	#808080	chr21
contig-0001338	#D57533	chr13
contig-0001339	#D57533	chr13
contig-0001340	#808080	chr21
contig-0001341	#D57533	chr13
contig-0001342	#CC79A7	chr4
contig-0001343	#1A7FBA	chr12
contig-0001344	#E69F00	chr1
contig-0001345	#E69F00	chr1
contig-0001346	#D57533	chr13
contig-0001347	#D57533	chr13
contig-0001348	#D57533	chr13
contig-0001349	#1A7FBA	chr12
contig-0001350	#D57533	chr13
contig-0001351	#D57533	chr13
contig-0001352	#D57533	chr13
contig-0001353	#D57533	chr13
contig-0001354	#E6C47F	chr22
contig-0001355	#E69F00	chr1
contig-0001356	#808080	chr21
contig-0001358	#808080	chr21
contig-0001359	#737373	chr14
contig-0001360	#E6B847	chr15
contig-0001361	#D57533	chr13
contig-0001362	#E69F00	chr1
contig-0001363	#808080	chr21
contig-0001364	#D57533	chr13
contig-0001365	#D57533	chr13
contig-0001366	#E69F00	chr1
contig-0001367	#E6C47F	chr22
contig-0001368	#E6C47F	chr22
contig-0001369	#D57533	chr13
contig-0001370	#E69F00	chr1
contig-0001371	#E6C47F	chr22
contig-0001372	#E6B847	chr15
contig-0001373	#E6C47F	chr22
contig-0001374	#D57533	chr13
contig-0001376	#E69F00	chr1
contig-0001377	#808080	chr21
contig-0001379	#E6AB23	chr8
contig-0001380	#808080	chr21
contig-0001381	#5699E9	chr9
contig-0001382	#00A880	chr10
contig-0001383	#D57533	chr13
contig-0001384	#E69F00	chr1
contig-0001385	#808080	chr21
contig-0001386	#E6C47F	chr22
contig-0001387	#E6C47F	chr22
contig-0001388	#808080	chr21
contig-0001389	#D57533	chr13
contig-0001390	#D57533	chr13
contig-0001391	#D57533	chr13
contig-0001392	#CC79A7	chr4
contig-0001393	#D57533	chr13
contig-0001394	#D57533	chr13
contig-0001395	#D57533	chr13
contig-0001396	#E6C47F	chr22
contig-0001398	#D57533	chr13
contig-0001399	#D55E00	chr6
contig-0001400	#D57533	chr13
contig-0001401	#D57533	chr13
contig-0001402	#D57533	chr13
contig-0001403	#808080	chr21
contig-0001404	#808080	chr21
contig-0001405	#D57533	chr13
contig-0001406	#808080	chr21
contig-0001407	#009E73	chr3
contig-0001408	#E6C47F	chr22
contig-0001409	#737373	chr14
contig-0001410	#737373	chr14
contig-0001411	#CC79A7	chr4
contig-0001412	#808080	chr21
contig-0001413	#808080	chr21
contig-0001414	#808080	chr21
contig-0001415	#808080	chr21
contig-0001416	#808080	chr21
contig-0001417	#808080	chr21
contig-0001418	#808080	chr21
contig-0001419	#D55E00	chr6
contig-0001420	#808080	chr21
contig-0001421	#CC79A7	chr4
contig-0001422	#808080	chr21
contig-0001423	#E6C47F	chr22
contig-0001424	#D55E00	chr6
contig-0001425	#D57533	chr13
contig-0001426	#D57533	chr13
contig-0001428	#E69F00	chr1
contig-0001431	#1A7FBA	chr12
contig-0001432	#D57533	chr13
contig-0001433	#0072B2	chr5
contig-0001434	#D57533	chr13
contig-0001435	#737373	chr14
contig-0001436	#808080	chr21
contig-0001437	#009E73	chr3
contig-0001439	#0072B2	chr5
contig-0001440	#0072B2	chr5
contig-0001441	#0072B2	chr5
contig-0001442	#0072B2	chr5
contig-0001443	#E6B847	chr15
contig-0001444	#808080	chr21
contig-0001445	#CC79A7	chr4
contig-0001446	#D55E00	chr6
contig-0001447	#D57533	chr13
contig-0001448	#808080	chr21
contig-0001449	#D58C66	chr20
contig-0001450	#0072B2	chr5
contig-0001452	#D57533	chr13
contig-0001453	#D57533	chr13
contig-0001454	#00B28C	chr17
contig-0001455	#737373	chr14
contig-0001456	#737373	chr14
contig-0001457	#737373	chr14
contig-0001458	#737373	chr14
contig-0001459	#0072B2	chr5
contig-0001460	#D57533	chr13
contig-0001461	#737373	chr14
contig-0001462	#808080	chr21
contig-0001463	#D57533	chr13
contig-0001464	#0072B2	chr5
contig-0001466	#E6C47F	chr22
contig-0001467	#D57533	chr13
contig-0001469	#E6B847	chr15
contig-0001470	#E6B847	chr15
contig-0001471	#E6B847	chr15
contig-0001472	#E6B847	chr15
contig-0001473	#0072B2	chr5
contig-0001474	#D57533	chr13
contig-0001475	#5699E9	chr9
contig-0001476	#808080	chr21
contig-0001477	#808080	chr21
contig-0001478	#808080	chr21
contig-0001479	#808080	chr21
contig-0001480	#808080	chr21
contig-0001481	#808080	chr21
contig-0001482	#0072B2	chr5
contig-0001483	#808080	chr21
contig-0001484	#808080	chr21
contig-0001485	#D58C66	chr20
contig-0001486	#808080	chr21
contig-0001487	#E6C47F	chr22
contig-0001488	#D57533	chr13
contig-0001489	#D57533	chr13
contig-0001490	#E6C47F	chr22
contig-0001492	#CC79A7	chr4
contig-0001493	#0072B2	chr5
contig-0001494	#D57533	chr13
contig-0001495	#D57533	chr13
contig-0001496	#E6C47F	chr22
contig-0001497	#E6B847	chr15
contig-0001498	#D57533	chr13
contig-0001499	#D57533	chr13
contig-0001500	#0072B2	chr5
contig-0001501	#D57533	chr13
contig-0001502	#D57533	chr13
contig-0001503	#808080	chr21
contig-0001504	#D57533	chr13
contig-0001505	#D57533	chr13
contig-0001506	#0072B2	chr5
contig-0001508	#D57533	chr13
contig-0001509	#808080	chr21
contig-0001510	#E69F00	chr1
contig-0001511	#808080	chr21
contig-0001512	#808080	chr21
contig-0001513	#808080	chr21
contig-0001515	#D57533	chr13
contig-0001516	#E6B847	chr15
contig-0001517	#00B28C	chr17
contig-0001518	#D57533	chr13
contig-0001522	#D57533	chr13
contig-0001523	#808080	chr21
contig-0001524	#808080	chr21
contig-0001525	#00B28C	chr17
contig-0001526	#808080	chr21
contig-0001527	#00B28C	chr17
contig-0001528	#D57533	chr13
contig-0001529	#D57533	chr13
contig-0001530	#E6B847	chr15
contig-0001531	#808080	chr21
contig-0001532	#00B28C	chr17
contig-0001533	#D57533	chr13
contig-0001534	#737373	chr14
contig-0001535	#1A7FBA	chr12
contig-0001536	#1A7FBA	chr12
contig-0001537	#808080	chr21
contig-0001538	#808080	chr21
contig-0001539	#567DE9	chr16
contig-0001540	#D57533	chr13
contig-0001541	#D57533	chr13
contig-0001542	#D57533	chr13
contig-0001543	#E6B847	chr15
contig-0001544	#737373	chr14
contig-0001546	#567DE9	chr16
contig-0001547	#E6B847	chr15
contig-0001548	#D57533	chr13
contig-0001549	#D57533	chr13
contig-0001550	#D57533	chr13
contig-0001551	#D57533	chr13
contig-0001552	#567DE9	chr16
contig-0001553	#D57533	chr13
contig-0001555	#D57533	chr13
contig-0001556	#D57533	chr13
contig-0001557	#D57533	chr13
contig-0001559	#D57533	chr13
contig-0001560	#CC79A7	chr4
contig-0001561	#567DE9	chr16
contig-0001562	#E6B847	chr15
contig-0001563	#009E73	chr3
contig-0001564	#D57533	chr13
contig-0001565	#009E73	chr3
contig-0001566	#338CC2	chr19
contig-0001567	#567DE9	chr16
contig-0001568	#009E73	chr3
contig-0001569	#009E73	chr3
contig-0001570	#009E73	chr3
contig-0001571	#009E73	chr3
contig-0001572	#009E73	chr3
contig-0001573	#1A7FBA	chr12
contig-0001574	#1A7FBA	chr12
contig-0001575	#E6B847	chr15
contig-0001576	#00B28C	chr17
contig-0001577	#1A7FBA	chr12
contig-0001578	#1A7FBA	chr12
contig-0001579	#1A7FBA	chr12
contig-0001580	#009E73	chr3
contig-0001581	#009E73	chr3
contig-0001582	#009E73	chr3
contig-0001583	#009E73	chr3
contig-0001584	#009E73	chr3
contig-0001585	#CC79A7	chr4
contig-0001586	#00B28C	chr17
contig-0001587	#CC79A7	chr4
contig-0001588	#CC79A7	chr4
contig-0001589	#CC79A7	chr4
contig-0001590	#CC79A7	chr4
contig-0001591	#CC79A7	chr4
contig-0001592	#CC79A7	chr4
contig-0001593	#CC79A7	chr4
contig-0001594	#CC79A7	chr4
contig-0001595	#CC79A7	chr4
contig-0001596	#CC79A7	chr4
contig-0001597	#00B28C	chr17
contig-0001598	#CC79A7	chr4
contig-0001599	#CC79A7	chr4
contig-0001600	#D57533	chr13
contig-0001601	#D57533	chr13
contig-0001602	#D57533	chr13
contig-0001603	#D57533	chr13
contig-0001604	#D57533	chr13
contig-0001605	#D57533	chr13
contig-0001606	#D57533	chr13
contig-0001607	#D57533	chr13
contig-0001608	#56B4E9	chr2
contig-0001609	#56B4E9	chr2
contig-0001610	#56B4E9	chr2
contig-0001611	#56B4E9	chr2
contig-0001612	#56B4E9	chr2
contig-0001614	#D58C66	chr20
contig-0001615	#D58C66	chr20
contig-0001616	#00B28C	chr17
contig-0001617	#D58C66	chr20
contig-0001618	#D58C66	chr20
contig-0001619	#D58C66	chr20
contig-0001620	#666666	chr7
contig-0001621	#666666	chr7
contig-0001622	#666666	chr7
contig-0001623	#808080	chr21
contig-0001624	#737373	chr14
contig-0001625	#1A7FBA	chr12
contig-0001626	#00B28C	chr17
contig-0001627	#1A7FBA	chr12
contig-0001628	#1A7FBA	chr12
contig-0001629	#1A7FBA	chr12
contig-0001630	#1A7FBA	chr12
contig-0001631	#56B4E9	chr2
contig-0001632	#56B4E9	chr2
contig-0001633	#56B4E9	chr2
contig-0001634	#56B4E9	chr2
contig-0001635	#56B4E9	chr2
contig-0001636	#D57533	chr13
contig-0001637	#666666	chr7
contig-0001638	#E6C47F	chr22
contig-0001639	#0072B2	chr5
contig-0001640	#0072B2	chr5
contig-0001641	#0072B2	chr5
contig-0001642	#0072B2	chr5
contig-0001643	#0072B2	chr5
contig-0001644	#E6AB23	chr8
contig-0001645	#E6AB23	chr8
contig-0001646	#E6AB23	chr8
contig-0001647	#666666	chr7
contig-0001648	#D55E00	chr6
contig-0001649	#D55E00	chr6
contig-0001650	#D55E00	chr6
contig-0001651	#D55E00	chr6
contig-0001652	#D55E00	chr6
contig-0001653	#808080	chr21
contig-0001654	#567DE9	chr16
contig-0001655	#567DE9	chr16
contig-0001656	#567DE9	chr16
contig-0001657	#567DE9	chr16
contig-0001658	#567DE9	chr16
contig-0001659	#E6C47F	chr22
contig-0001660	#CC8DB3	chr11
contig-0001661	#CC8DB3	chr11
contig-0001662	#CC8DB3	chr11
contig-0001663	#CC8DB3	chr11
contig-0001664	#CC8DB3	chr11
contig-0001665	#00A880	chr10
contig-0001666	#00A880	chr10
contig-0001667	#00A880	chr10
contig-0001668	#E6C47F	chr22
contig-0001669	#E6C47F	chr22
contig-0001670	#E6C47F	chr22
contig-0001671	#E6C47F	chr22
contig-0001672	#D57533	chr13
contig-0001673	#E6C47F	chr22
contig-0001674	#E6C47F	chr22
contig-0001675	#E6B847	chr15
contig-0001676	#E6C47F	chr22
contig-0001677	#E6B847	chr15
contig-0001678	#E6B847	chr15
contig-0001679	#E6B847	chr15
contig-0001680	#00B28C	chr17
contig-0001681	#E69F00	chr1
contig-0001682	#E69F00	chr1
contig-0001683	#E69F00	chr1
contig-0001684	#E69F00	chr1
contig-0001685	#E69F00	chr1
contig-0001686	#0072B2	chr5
contig-0001687	#0072B2	chr5
contig-0001688	#0072B2	chr5
contig-0001689	#CC79A7	chr4
contig-0001690	#00B28C	chr17
contig-0001691	#CC79A7	chr4
contig-0001692	#CC79A7	chr4
contig-0001693	#CC79A7	chr4
contig-0001694	#CC79A7	chr4
contig-0001695	#E6B847	chr15
contig-0001696	#E6C47F	chr22
contig-0001697	#808080	chr21
contig-0001698	#56B4E9	chr2
contig-0001699	#56B4E9	chr2
contig-0001700	#56B4E9	chr2
contig-0001701	#CC79A7	chr4
contig-0001702	#CC79A7	chr4
contig-0001703	#CC79A7	chr4
contig-0001704	#CC79A7	chr4
contig-0001705	#CC79A7	chr4
contig-0001706	#567DE9	chr16
contig-0001707	#567DE9	chr16
contig-0001708	#567DE9	chr16
contig-0001709	#D57533	chr13
contig-0001710	#E6AB23	chr8
contig-0001711	#E6AB23	chr8
contig-0001712	#E6AB23	chr8
contig-0001713	#E6AB23	chr8
contig-0001714	#E6AB23	chr8
contig-0001715	#808080	chr21
contig-0001716	#808080	chr21
contig-0001717	#808080	chr21
contig-0001718	#D57533	chr13
contig-0001719	#808080	chr21
contig-0001720	#808080	chr21
contig-0001721	#808080	chr21
contig-0001722	#808080	chr21
contig-0001723	#D55E00	chr6
contig-0001724	#D55E00	chr6
contig-0001725	#D55E00	chr6
contig-0001726	#E69F00	chr1
contig-0001727	#D57533	chr13
contig-0001728	#D55E00	chr6
contig-0001729	#D55E00	chr6
contig-0001730	#D55E00	chr6
contig-0001731	#D55E00	chr6
contig-0001732	#D55E00	chr6
contig-0001733	#E6AB23	chr8
contig-0001734	#E6AB23	chr8
contig-0001735	#D57533	chr13
contig-0001736	#E6AB23	chr8
contig-0001737	#E6AB23	chr8
contig-0001738	#E6AB23	chr8
contig-0001739	#E6AB23	chr8
contig-0001740	#737373	chr14
contig-0001741	#737373	chr14
contig-0001742	#737373	chr14
contig-0001743	#1A7FBA	chr12
contig-0001744	#D57533	chr13
contig-0001745	#1A7FBA	chr12
contig-0001746	#1A7FBA	chr12
contig-0001747	#666666	chr7
contig-0001748	#666666	chr7
contig-0001749	#666666	chr7
contig-0001750	#666666	chr7
contig-0001751	#666666	chr7
contig-0001752	#009E73	chr3
contig-0001753	#E6C47F	chr22
contig-0001754	#009E73	chr3
contig-0001755	#009E73	chr3
contig-0001756	#1A7FBA	chr12
contig-0001757	#1A7FBA	chr12
contig-0001758	#1A7FBA	chr12
contig-0001759	#737373	chr14
contig-0001760	#E6AB23	chr8
contig-0001761	#E6AB23	chr8
contig-0001762	#E6AB23	chr8
contig-0001763	#E6AB23	chr8
contig-0001764	#D57533	chr13
contig-0001765	#E6C47F	chr22
contig-0001766	#E6AB23	chr8
contig-0001767	#E6AB23	chr8
contig-0001768	#009E73	chr3
contig-0001769	#009E73	chr3
contig-0001770	#009E73	chr3
contig-0001771	#E69F00	chr1
contig-0001772	#E69F00	chr1
contig-0001773	#E69F00	chr1
contig-0001774	#E69F00	chr1
contig-0001775	#E69F00	chr1
contig-0001776	#E6C47F	chr22
contig-0001777	#338CC2	chr19
contig-0001778	#CC8DB3	chr11
contig-0001779	#CC8DB3	chr11
contig-0001780	#CC8DB3	chr11
contig-0001781	#0072B2	chr5
contig-0001782	#D55E00	chr6
contig-0001783	#D55E00	chr6
contig-0001784	#D55E00	chr6
contig-0001785	#E6C47F	chr22
contig-0001786	#00B28C	chr17
contig-0001787	#00B28C	chr17
contig-0001788	#00B28C	chr17
contig-0001789	#00B28C	chr17
contig-0001790	#00B28C	chr17
contig-0001791	#E69F00	chr1
contig-0001792	#E69F00	chr1
contig-0001793	#E69F00	chr1
contig-0001794	#E69F00	chr1
contig-0001795	#E69F00	chr1
contig-0001796	#E6C47F	chr22
contig-0001797	#666666	chr7
contig-0001798	#666666	chr7
contig-0001799	#666666	chr7
contig-0001800	#666666	chr7
contig-0001801	#666666	chr7
contig-0001802	#D57533	chr13
contig-0001803	#1A7FBA	chr12
contig-0001804	#E6B847	chr15
contig-0001805	#1A7FBA	chr12
contig-0001806	#1A7FBA	chr12
contig-0001807	#1A7FBA	chr12
contig-0001808	#1A7FBA	chr12
contig-0001809	#D55E00	chr6
contig-0001810	#D55E00	chr6
contig-0001811	#D55E00	chr6
contig-0001812	#D55E00	chr6
contig-0001813	#D55E00	chr6
contig-0001814	#D55E00	chr6
contig-0001815	#E6B847	chr15
contig-0001816	#0072B2	chr5
contig-0001817	#0072B2	chr5
contig-0001818	#0072B2	chr5
contig-0001819	#0072B2	chr5
contig-0001820	#0072B2	chr5
contig-0001821	#E69F00	chr1
contig-0001822	#CCA0BF	chr18
contig-0001823	#D55E00	chr6
contig-0001824	#E6B847	chr15
contig-0001825	#808080	chr21
contig-0001826	#0072B2	chr5
contig-0001827	#0072B2	chr5
contig-0001828	#0072B2	chr5
contig-0001829	#0072B2	chr5
contig-0001830	#0072B2	chr5
contig-0001831	#E69F00	chr1
contig-0001832	#E69F00	chr1
contig-0001833	#E69F00	chr1
contig-0001834	#E6B847	chr15
contig-0001835	#E69F00	chr1
contig-0001836	#E69F00	chr1
contig-0001837	#808080	chr21
contig-0001838	#E6B847	chr15
contig-0001839	#E6B847	chr15
contig-0001840	#E6B847	chr15
contig-0001841	#E6B847	chr15
contig-0001842	#E6B847	chr15
contig-0001843	#E6B847	chr15
contig-0001844	#E6B847	chr15
contig-0001845	#E6B847	chr15
contig-0001846	#E6B847	chr15
contig-0001847	#E6B847	chr15
contig-0001848	#E6B847	chr15
contig-0001849	#CCA0BF	chr18
contig-0001850	#CCA0BF	chr18
contig-0001851	#CCA0BF	chr18
contig-0001852	#808080	chr21
contig-0001853	#737373	chr14
contig-0001854	#737373	chr14
contig-0001855	#5699E9	chr9
contig-0001856	#737373	chr14
contig-0001857	#737373	chr14
contig-0001858	#737373	chr14
contig-0001859	#737373	chr14
contig-0001860	#00A880	chr10
contig-0001861	#00A880	chr10
contig-0001862	#00A880	chr10
contig-0001863	#56B4E9	chr2
contig-0001864	#56B4E9	chr2
contig-0001865	#56B4E9	chr2
contig-0001867	#5699E9	chr9
contig-0001868	#56B4E9	chr2
contig-0001869	#56B4E9	chr2
contig-0001870	#D57533	chr13
contig-0001871	#D58C66	chr20
contig-0001872	#D58C66	chr20
contig-0001873	#D58C66	chr20
contig-0001874	#737373	chr14
contig-0001875	#5699E9	chr9
contig-0001876	#737373	chr14
contig-0001877	#737373	chr14
contig-0001878	#737373	chr14
contig-0001879	#737373	chr14
contig-0001880	#737373	chr14
contig-0001881	#5699E9	chr9
contig-0001882	#5699E9	chr9
contig-0001883	#5699E9	chr9
contig-0001884	#5699E9	chr9
contig-0001885	#5699E9	chr9
contig-0001886	#5699E9	chr9
contig-0001887	#009E73	chr3
contig-0001888	#009E73	chr3
contig-0001889	#009E73	chr3
contig-0001890	#009E73	chr3
contig-0001891	#009E73	chr3
contig-0001892	#00A880	chr10
contig-0001893	#00A880	chr10
contig-0001894	#00A880	chr10
contig-0001895	#00A880	chr10
contig-0001896	#00A880	chr10
contig-0001897	#5699E9	chr9
contig-0001898	#00A880	chr10
contig-0001899	#00A880	chr10
contig-0001900	#00B28C	chr17
contig-0001901	#00B28C	chr17
contig-0001902	#00B28C	chr17
contig-0001903	#00B28C	chr17
contig-0001904	#00B28C	chr17
contig-0001905	#E69F00	chr1
contig-0001906	#567DE9	chr16
contig-0001907	#567DE9	chr16
contig-0001908	#567DE9	chr16
contig-0001909	#E69F00	chr1
contig-0001910	#E69F00	chr1
contig-0001911	#E69F00	chr1
contig-0001912	#E69F00	chr1
contig-0001913	#E69F00	chr1
contig-0001914	#D55E00	chr6
contig-0001915	#E69F00	chr1
contig-0001916	#D55E00	chr6
contig-0001917	#D55E00	chr6
contig-0001918	#D55E00	chr6
contig-0001919	#D55E00	chr6
contig-0001920	#E69F00	chr1
contig-0001921	#E69F00	chr1
contig-0001922	#E69F00	chr1
contig-0001923	#E6B847	chr15
contig-0001924	#E6B847	chr15
contig-0001925	#E6B847	chr15
contig-0001926	#E69F00	chr1
contig-0001927	#E6B847	chr15
contig-0001928	#009E73	chr3
contig-0001929	#009E73	chr3
contig-0001930	#009E73	chr3
contig-0001931	#009E73	chr3
contig-0001932	#009E73	chr3
contig-0001933	#E6C47F	chr22
contig-0001934	#808080	chr21
contig-0001935	#808080	chr21
contig-0001936	#E69F00	chr1
contig-0001937	#E6B847	chr15
contig-0001938	#E6B847	chr15
contig-0001939	#E6B847	chr15
contig-0001940	#808080	chr21
contig-0001941	#808080	chr21
contig-0001942	#E6C47F	chr22
contig-0001943	#808080	chr21
contig-0001944	#E69F00	chr1
contig-0001945	#009E73	chr3
contig-0001946	#009E73	chr3
contig-0001947	#009E73	chr3
contig-0001948	#009E73	chr3
contig-0001949	#009E73	chr3
contig-0001950	#00B28C	chr17
contig-0001951	#00B28C	chr17
contig-0001952	#00B28C	chr17
contig-0001953	#00B28C	chr17
contig-0001954	#00B28C	chr17
contig-0001955	#CC79A7	chr4
contig-0001956	#0072B2	chr5
contig-0001957	#0072B2	chr5
contig-0001958	#0072B2	chr5
contig-0001959	#0072B2	chr5
contig-0001960	#0072B2	chr5
contig-0001961	#808080	chr21
contig-0001962	#00B28C	chr17
contig-0001963	#00B28C	chr17
contig-0001964	#808080	chr21
contig-0001965	#CC79A7	chr4
contig-0001966	#00B28C	chr17
contig-0001967	#00B28C	chr17
contig-0001968	#00B28C	chr17
contig-0001969	#E6B847	chr15
contig-0001970	#E6B847	chr15
contig-0001971	#E6B847	chr15
contig-0001972	#E6B847	chr15
contig-0001973	#E6B847	chr15
contig-0001974	#E6AB23	chr8
contig-0001975	#E6AB23	chr8
contig-0001976	#CC79A7	chr4
contig-0001977	#E6AB23	chr8
contig-0001978	#CC8DB3	chr11
contig-0001979	#CC8DB3	chr11
contig-0001980	#CC8DB3	chr11
contig-0001981	#0072B2	chr5
contig-0001982	#D57533	chr13
contig-0001983	#D57533	chr13
contig-0001984	#D57533	chr13
contig-0001985	#D57533	chr13
contig-0001986	#D57533	chr13
contig-0001987	#CC79A7	chr4
contig-0001988	#E69F00	chr1
contig-0001989	#009E73	chr3
contig-0001990	#009E73	chr3
contig-0001991	#009E73	chr3
contig-0001992	#009E73	chr3
contig-0001993	#009E73	chr3
contig-0001994	#737373	chr14
contig-0001995	#737373	chr14
contig-0001996	#737373	chr14
contig-0001997	#737373	chr14
contig-0001998	#CC79A7	chr4
contig-0001999	#737373	chr14
contig-0002000	#56B4E9	chr2
contig-0002001	#56B4E9	chr2
contig-0002002	#56B4E9	chr2
contig-0002003	#56B4E9	chr2
contig-0002004	#56B4E9	chr2
contig-0002005	#E6B847	chr15
contig-0002006	#E6AB23	chr8
contig-0002007	#E6AB23	chr8
contig-0002008	#CC79A7	chr4
contig-0002009	#666666	chr7
contig-0002010	#666666	chr7
contig-0002011	#666666	chr7
contig-0002012	#D55E00	chr6
contig-0002013	#D55E00	chr6
contig-0002014	#D55E00	chr6
contig-0002015	#338CC2	chr19
contig-0002016	#338CC2	chr19
contig-0002017	#338CC2	chr19
contig-0002018	#338CC2	chr19
contig-0002019	#CC79A7	chr4
contig-0002020	#338CC2	chr19
contig-0002021	#1A7FBA	chr12
contig-0002022	#1A7FBA	chr12
contig-0002023	#1A7FBA	chr12
contig-0002024	#1A7FBA	chr12
contig-0002025	#0072B2	chr5
contig-0002026	#0072B2	chr5
contig-0002027	#0072B2	chr5
contig-0002028	#D55E00	chr6
contig-0002029	#00B28C	chr17
contig-0002030	#00B28C	chr17
contig-0002031	#00B28C	chr17
contig-0002032	#00B28C	chr17
contig-0002033	#00B28C	chr17
contig-0002034	#338CC2	chr19
contig-0002035	#338CC2	chr19
contig-0002036	#338CC2	chr19
contig-0002037	#338CC2	chr19
contig-0002038	#338CC2	chr19
contig-0002039	#D55E00	chr6
contig-0002040	#338CC2	chr19
contig-0002041	#338CC2	chr19
contig-0002042	#00B28C	chr17
contig-0002043	#00B28C	chr17
contig-0002044	#00B28C	chr17
contig-0002045	#CC79A7	chr4
contig-0002046	#CC79A7	chr4
contig-0002047	#CC79A7	chr4
contig-0002048	#CC79A7	chr4
contig-0002049	#D55E00	chr6
contig-0002050	#1A7FBA	chr12
contig-0002051	#1A7FBA	chr12
contig-0002052	#1A7FBA	chr12
contig-0002053	#1A7FBA	chr12
contig-0002054	#1A7FBA	chr12
contig-0002055	#CC8DB3	chr11
contig-0002056	#CC8DB3	chr11
contig-0002057	#CC8DB3	chr11
contig-0002058	#808080	chr21
contig-0002059	#D55E00	chr6
contig-0002060	#808080	chr21
contig-0002061	#00A880	chr10
contig-0002062	#00A880	chr10
contig-0002063	#00A880	chr10
contig-0002064	#D55E00	chr6
contig-0002065	#338CC2	chr19
contig-0002066	#338CC2	chr19
contig-0002067	#338CC2	chr19
contig-0002068	#338CC2	chr19
contig-0002069	#338CC2	chr19
contig-0002070	#808080	chr21
contig-0002071	#D55E00	chr6
contig-0002072	#E6AB23	chr8
contig-0002073	#E6AB23	chr8
contig-0002074	#E6AB23	chr8
contig-0002075	#E6AB23	chr8
contig-0002076	#E6AB23	chr8
contig-0002077	#56B4E9	chr2
contig-0002078	#56B4E9	chr2
contig-0002079	#56B4E9	chr2
contig-0002080	#56B4E9	chr2
contig-0002081	#56B4E9	chr2
contig-0002082	#E6B847	chr15
contig-0002083	#56B4E9	chr2
contig-0002084	#56B4E9	chr2
contig-0002085	#56B4E9	chr2
contig-0002086	#56B4E9	chr2
contig-0002087	#56B4E9	chr2
contig-0002088	#56B4E9	chr2
contig-0002089	#D57533	chr13
contig-0002090	#D57533	chr13
contig-0002091	#D57533	chr13
contig-0002092	#5699E9	chr9
contig-0002093	#CC8DB3	chr11
contig-0002094	#5699E9	chr9
contig-0002095	#5699E9	chr9
contig-0002096	#5699E9	chr9
contig-0002097	#5699E9	chr9
contig-0002098	#737373	chr14
contig-0002099	#E69F00	chr1
contig-0002100	#E69F00	chr1
contig-0002101	#E69F00	chr1
contig-0002102	#E69F00	chr1
contig-0002103	#E69F00	chr1
contig-0002104	#CC8DB3	chr11
contig-0002105	#E69F00	chr1
contig-0002106	#CC8DB3	chr11
contig-0002107	#CC8DB3	chr11
contig-0002108	#CC8DB3	chr11
contig-0002109	#338CC2	chr19
contig-0002110	#338CC2	chr19
contig-0002111	#338CC2	chr19
contig-0002112	#338CC2	chr19
contig-0002113	#338CC2	chr19
contig-0002114	#CC8DB3	chr11
contig-0002115	#D55E00	chr6
contig-0002116	#D55E00	chr6
contig-0002117	#D55E00	chr6
contig-0002118	#D55E00	chr6
contig-0002119	#D55E00	chr6
contig-0002120	#1A7FBA	chr12
contig-0002121	#1A7FBA	chr12
contig-0002122	#1A7FBA	chr12
contig-0002123	#00B28C	chr17
contig-0002124	#0072B2	chr5
contig-0002125	#CC8DB3	chr11
contig-0002126	#0072B2	chr5
contig-0002127	#0072B2	chr5
contig-0002128	#0072B2	chr5
contig-0002129	#0072B2	chr5
contig-0002130	#E69F00	chr1
contig-0002131	#E69F00	chr1
contig-0002132	#E69F00	chr1
contig-0002133	#666666	chr7
contig-0002134	#666666	chr7
contig-0002135	#CC8DB3	chr11
contig-0002136	#666666	chr7
contig-0002137	#CC8DB3	chr11
contig-0002138	#CC8DB3	chr11
contig-0002139	#CC8DB3	chr11
contig-0002140	#CC8DB3	chr11
contig-0002141	#CC8DB3	chr11
contig-0002142	#E69F00	chr1
contig-0002143	#E69F00	chr1
contig-0002144	#E69F00	chr1
contig-0002145	#666666	chr7
contig-0002146	#E69F00	chr1
contig-0002147	#E69F00	chr1
contig-0002148	#CC79A7	chr4
contig-0002149	#CC79A7	chr4
contig-0002150	#CC79A7	chr4
contig-0002151	#CC79A7	chr4
contig-0002152	#CC79A7	chr4
contig-0002153	#009E73	chr3
contig-0002154	#666666	chr7
contig-0002155	#009E73	chr3
contig-0002156	#009E73	chr3
contig-0002157	#009E73	chr3
contig-0002158	#009E73	chr3
contig-0002159	#D55E00	chr6
contig-0002160	#D55E00	chr6
contig-0002161	#D55E00	chr6
contig-0002162	#D55E00	chr6
contig-0002163	#D55E00	chr6
contig-0002164	#1A7FBA	chr12
contig-0002165	#666666	chr7
contig-0002166	#1A7FBA	chr12
contig-0002167	#1A7FBA	chr12
contig-0002168	#1A7FBA	chr12
contig-0002169	#1A7FBA	chr12
contig-0002170	#1A7FBA	chr12
contig-0002171	#666666	chr7
contig-0002172	#CC79A7	chr4
contig-0002173	#CC79A7	chr4
contig-0002174	#CC79A7	chr4
contig-0002175	#CC79A7	chr4
contig-0002176	#808080	chr21
contig-0002177	#666666	chr7
contig-0002178	#CC79A7	chr4
contig-0002179	#E6C47F	chr22
contig-0002180	#D57533	chr13
contig-0002181	#5699E9	chr9
contig-0002182	#0072B2	chr5
contig-0002183	#0072B2	chr5
contig-0002184	#0072B2	chr5
contig-0002185	#666666	chr7
contig-0002186	#CC79A7	chr4
contig-0002187	#CC79A7	chr4
contig-0002188	#CC79A7	chr4
contig-0002189	#CC79A7	chr4
contig-0002190	#CC79A7	chr4
contig-0002191	#00A880	chr10
contig-0002192	#00A880	chr10
contig-0002193	#00A880	chr10
contig-0002194	#00A880	chr10
contig-0002195	#00A880	chr10
contig-0002196	#CC8DB3	chr11
contig-0002197	#CC79A7	chr4
contig-0002198	#CC79A7	chr4
contig-0002199	#CC79A7	chr4
contig-0002200	#CC79A7	chr4
contig-0002201	#1A7FBA	chr12
contig-0002202	#E6B847	chr15
contig-0002203	#E6B847	chr15
contig-0002204	#E6B847	chr15
contig-0002205	#CC8DB3	chr11
contig-0002206	#808080	chr21
contig-0002207	#808080	chr21
contig-0002208	#808080	chr21
contig-0002209	#E6AB23	chr8
contig-0002210	#E6AB23	chr8
contig-0002211	#E6AB23	chr8
contig-0002212	#E6AB23	chr8
contig-0002213	#E6AB23	chr8
contig-0002214	#CC8DB3	chr11
contig-0002215	#D57533	chr13
contig-0002216	#D57533	chr13
contig-0002217	#D57533	chr13
contig-0002218	#737373	chr14
contig-0002219	#737373	chr14
contig-0002220	#737373	chr14
contig-0002221	#737373	chr14
contig-0002222	#737373	chr14
contig-0002223	#D57533	chr13
contig-0002224	#D57533	chr13
contig-0002225	#CC8DB3	chr11
contig-0002226	#D57533	chr13
contig-0002227	#D57533	chr13
contig-0002228	#D57533	chr13
contig-0002229	#808080	chr21
contig-0002230	#808080	chr21
contig-0002231	#00A880	chr10
contig-0002232	#00A880	chr10
contig-0002233	#00A880	chr10
contig-0002234	#CC8DB3	chr11
contig-0002235	#00B28C	chr17
contig-0002236	#CC8DB3	chr11
contig-0002237	#00B28C	chr17
contig-0002238	#00B28C	chr17
contig-0002239	#808080	chr21
contig-0002240	#808080	chr21
contig-0002241	#808080	chr21
contig-0002242	#5699E9	chr9
contig-0002243	#5699E9	chr9
contig-0002244	#5699E9	chr9
contig-0002245	#666666	chr7
contig-0002246	#D57533	chr13
contig-0002247	#D57533	chr13
contig-0002248	#D57533	chr13
contig-0002249	#D57533	chr13
contig-0002250	#D57533	chr13
contig-0002251	#D57533	chr13
contig-0002252	#666666	chr7
contig-0002253	#56B4E9	chr2
contig-0002254	#56B4E9	chr2
contig-0002255	#56B4E9	chr2
contig-0002256	#56B4E9	chr2
contig-0002257	#56B4E9	chr2
contig-0002258	#E69F00	chr1
contig-0002259	#56B4E9	chr2
contig-0002260	#56B4E9	chr2
contig-0002261	#56B4E9	chr2
contig-0002262	#666666	chr7
contig-0002263	#56B4E9	chr2
contig-0002264	#56B4E9	chr2
contig-0002265	#D55E00	chr6
contig-0002266	#D55E00	chr6
contig-0002267	#D55E00	chr6
contig-0002268	#D55E00	chr6
contig-0002269	#D55E00	chr6
contig-0002270	#CC8DB3	chr11
contig-0002271	#CC8DB3	chr11